亞細亞	Ancient Greek
以西結	Ancient Greek
以賽亞	Ancient Greek
伊比鳩魯	Ancient Greek
保羅	Ancient Greek
哈米吉多頓	Ancient Greek
哥林多	Ancient Greek
埃涅阿斯	Ancient Greek
巴拿巴	Ancient Greek
巴西琉斯	Ancient Greek
希伯來	Ancient Greek
底比斯	Ancient Greek
忒拜	Ancient Greek
所羅門	Ancient Greek
撒羅滿	Ancient Greek
柯里敘利亞	Ancient Greek
約安	Ancient Greek
約翰	Ancient Greek
耶利米	Ancient Greek
若望	Ancient Greek
賽里斯	Ancient Greek
赫拉克勒斯	Ancient Greek
達尼伊爾	Ancient Greek
邏各斯	Ancient Greek
阿喀琉斯	Ancient Greek
馬可	Ancient Greek
默冬	Ancient Greek
也門	Arabic
亞喀巴	Arabic
亞西爾	Arabic
伊布力斯	Arabic
伊德利卜	Arabic
伊斯梅爾	Arabic
伊斯蘭	Arabic
伊瑪目	Arabic
依赫瓦尼	Arabic
侯賽因	Arabic
俺八兒	Arabic
優素福	Arabic
克爾白	Arabic
八哥	Arabic
卡扎菲	Arabic
印善安拉	Arabic
印沙安拉	Arabic
古蘭	Arabic
古蘭經	Arabic
可巴雅	Arabic
可蘭	Arabic
可蘭經	Arabic
吉哈德	Arabic
吉茲亞	Arabic
哈基米	Arabic
哈提甫	Arabic
哈桑	Arabic
哈立德	Arabic
哈馬斯	Arabic
埃米爾	Arabic
奧馬爾	Arabic
安拉	Arabic
安拉胡阿克巴	Arabic
安瓦爾	Arabic
安華	Arabic
富浪	Arabic
層檀	Arabic
恨賊勒	Arabic
押不蘆	Arabic
拱北	Arabic
敏拜爾	Arabic
易卜拉欣	Arabic
沒藥	Arabic
沙威瑪	Arabic
沙里亞	Arabic
法塔赫	Arabic
法特瓦	Arabic
海推布	Arabic
海笛	Arabic
烏薩馬	Arabic
爾德	Arabic
爾麥里	Arabic
祖阿夫	Arabic
穆安津	Arabic
穆斯塔法	Arabic
穆斯林	Arabic
穆罕默德	Arabic
第納爾	Arabic
米哈拉布	Arabic
納吉	Arabic
納吉布	Arabic
色瓦布	Arabic
色蘭	Arabic
艾哈邁德	Arabic
莫哈末	Arabic
葉門	Arabic
薩利赫	Arabic
薩拉姆	Arabic
薩拉姆·阿萊控	Arabic
薩達姆	Arabic
薰陸	Arabic
蘇拉	Arabic
蘇萊曼	Arabic
蘇非	Arabic
謝赫	Arabic
賽義德	Arabic
里亞爾	Arabic
金戈威德	Arabic
阿丹	Arabic
阿卜杜勒	Arabic
阿卜杜拉	Arabic
阿巴斯	Arabic
阿布扎比	Arabic
阿拉	Arabic
阿拉丁	Arabic
阿斯旺	Arabic
阿明	Arabic
阿薩德	Arabic
阿里	Arabic
阿魯巴	Arabic
靉靆	Arabic
馬哈茂德	Arabic
麥加	Arabic
齊墩果	Arabic
ㄇㄉㄈㄎ	English
ㄈㄈ尺	English
䓬	English
䥑	English
丁克	English
丁日	English
三P	English
三Q	English
三克油	English
三味治	English
三文治	English
三明治	English
三梅子	English
不列顛	English
丘吉爾	English
丘比特	English
丹尼斯	English
丹尼爾	English
乃掃	English
乃春	English
乇	English
亞伯拉罕	English
亞伯達	English
亞克力	English
亞利桑那	English
亞塞拜然	English
亞士匹靈	English
亞歷山大	English
亞瑟	English
亞當	English
亞當斯	English
亞美利加	English
亞里桑那	English
亞非利加	English
亨德森	English
亨特	English
京士柏	English
他他醬	English
他莫昔芬	English
仙	English
令	English
以太	English
伊妹	English
伊妹兒	English
伊恩	English
伊洛伊洛	English
伊甸	English
伊莎貝爾	English
伊麗莎白	English
伍茲	English
伏特	English
伐木累	English
休	English
休伯特	English
休斯敦	English
休謨	English
伯利茲	English
伯恩斯坦	English
伯明翰	English
伸卡球	English
佐敦	English
佐治	English
佩拉約	English
佩斯	English
佩林	English
佩洛西	English
佩裡	English
佩里	English
佩雷斯	English
來復槍	English
來福槍	English
依格	English
便士	English
保加利亞	English
保齡	English
修頓	English
倫敦	English
倫納德	English
傑伊	English
傑克	English
傑克曼	English
傑克遜	English
傑奎琳	English
傑弗里	English
傑斐遜	English
傑茜卡	English
傑西卡	English
傑里米	English
優兔	English
優格	English
兀蘭	English
先令	English
克倫威爾	English
克力架	English
克勞德	English
克勞斯	English
克戟	English
克拉	English
克拉拉	English
克林頓	English
克洛伊	English
克羅斯比	English
克羅米	English
克莉絲蒂	English
克萊爾	English
克裡	English
克賴斯特徹奇	English
克里	English
克里奧爾語	English
克里斯	English
克里斯托弗	English
克里斯蒂	English
克里斯蒂娜	English
克里斯蒂安	English
克里米亞	English
克雷格	English
克魯斯	English
免治	English
免翁	English
兔爸	English
內森	English
內維爾	English
冧巴	English
冬甩	English
凡士林	English
凡爾	English
凡爾丁	English
凱恩斯	English
凱文	English
凱爾派	English
凱瑟琳	English
凱里	English
切克鬧	English
切爾西	English
切羅基	English
列儂	English
列根	English
別司忌	English
利多卡因	English
利比里亞	English
利物浦	English
剛紀慎	English
劉易斯	English
加侖	English
加利科你	English
加布里埃爾	English
加德滿都	English
加爾各答	English
加爾文	English
加納	English
加西亞	English
加農	English
加里	English
加雷思	English
勃艮第	English
勒克斯	English
勞倫斯	English
勿街	English
匈牙利	English
北鼻	English
卑詩	English
卓別林	English
博比	English
卟吩	English
卟啉	English
占	English
占士	English
卡	English
卡其	English
卡司	English
卡因	English
卡塔爾	English
卡士達	English
卡布其諾	English
卡布基諾	English
卡布奇諾	English
卡林頓	English
卡梅倫	English
卡爾	English
卡爾文	English
卡特	English
卡特爾	English
卡羅琳	English
卡西諾	English
卡農	English
卡通	English
卡達	English
卡里斯瑪	English
印地安	English
印度尼西亞	English
印第安	English
厄格	English
厄瓜多	English
厄瓜多爾	English
厚米	English
古戈爾普勒克斯	English
古斯塔夫	English
古柯	English
古迪納夫	English
古高爾	English
可倫坡	English
可卡因	English
可可	English
可可仔	English
可待因	English
可的松	English
史密夫	English
史密斯	English
史汀生	English
史萊姆	English
史蒂文	English
史蒂芬	English
史迪威	English
司冒而	English
司康	English
司的克	English
吉他	English
吉列	English
吉利丁	English
吉卜賽	English
吉士	English
吉士打	English
吉尼斯	English
吉布地	English
吉布提	English
吉普	English
吉普賽	English
吉普車	English
吉爾伯特	English
吉爾摩	English
吉米	English
吐司	English
吐溫	English
吐瓦魯	English
吖丁啶	English
吖啶	English
吖嗪	English
吞拿	English
吡咯	English
吡唑	English
吡啶	English
吡喃	English
吡嗪	English
吧	English
吩嗪	English
吲哚	English
吲唑	English
呋咱	English
呋喃	English
周打	English
呫噸	English
咔唑	English
咔啉	English
咕啉	English
咕喱	English
咕𠱸	English
咖哩	English
咖喱	English
咪仙	English
咪唑	English
咪錶	English
品客	English
哈佛	English
哈佬	English
哈利	English
哈嘍	English
哈囉	English
哈士奇	English
哈德森	English
哈德遜	English
哈特利	English
哈珀	English
哈羅	English
哈里	English
哈里斯	English
哌啶	English
哌嗪	English
哥倫布	English
哥士的	English
哥布林	English
哥德	English
哥斯達黎加	English
哥爾夫	English
哥特	English
哥羅芳	English
哥譚	English
哩	English
唐納德	English
啤	English
啤梨	English
啤機	English
啫喱	English
喀斯特	English
喀麥隆	English
喔麥尬	English
喬	English
喬丹	English
喬伊斯	English
喬安娜	English
喬希	English
喬治	English
喬治亞	English
喬納森	English
喬舒亞	English
喹唑啉	English
喹啉	English
喹喔啉	English
喼弗	English
喼頓	English
嗎啉	English
嗎啡	English
嗨	English
嗨嘍	English
嘉罅寬	English
嘌呤	English
嘜	English
嘟嘟鳥	English
嘧啶	English
噁唑	English
噁唑啉	English
噁唑烷	English
噁庚因	English
噌啉	English
噗噗熊	English
噠嗪	English
噸	English
噻吩	English
噻唑	English
噻嗪	English
嚦峇	English
固打	English
固本	English
圖博	English
圖樣圖森破	English
圖瓦盧	English
圖靈	English
圭亞那	English
地奈德	English
地西泮	English
地高辛	English
坎培拉	English
坎盧普斯	English
坎貝爾	English
坦尚尼亞	English
坦桑尼亞	English
埃及	English
埃德加	English
埃德溫	English
埃文	English
埃文斯	English
埃瑪	English
埃米	English
埃米莉	English
埃莉斯	English
埃里克	English
域多利	English
培根	English
基佬	English
基士彬	English
基思	English
基秦拿	English
基羅米突	English
基辛格	English
堅尼地	English
堪培拉	English
塔塔醬	English
塔崩	English
塔希提	English
塔斯馬尼亞	English
塔瑪拉	English
塔羅牌	English
塞內加爾	English
塞地	English
塞壬	English
塞巴斯蒂安	English
塞思	English
塞拉利昂	English
塞拉勒窩內	English
塞浦路斯	English
塞爾維亞	English
塞特	English
塞繆爾	English
塞西莉亞	English
墨巴本	English
墨爾本	English
墨菲	English
墨西哥	English
墨角蘭	English
壓克力	English
壚坶	English
士叻	English
士哥	English
士多	English
士多啤梨	English
士巴拿	English
士擔	English
士的	English
士碌架	English
夏威夷	English
夏慤	English
夏洛特	English
夏馬頓	English
多倫多	English
多哥	English
多士	English
多巴	English
多朗多	English
多米尼克	English
多蘿西	English
多馬	English
多默	English
大亨	English
大拉斯	English
大統一	English
大葛樓	English
大衛	English
大豪斯	English
天拿水	English
太康	English
夸克	English
夾克	English
奈	English
奈及利亞	English
奈奎斯特	English
奈拉	English
奈斯	English
奎寧	English
奎松	English
奧丁	English
奧克尼	English
奧克蘭	English
奧利弗	English
奧利維婭	English
奧利裡	English
奧古斯丁	English
奧尼爾	English
奧巴馬	English
奧康納	English
奧德麗	English
奧斯丁	English
奧斯汀	English
奧本海默	English
奧林匹克	English
奧爾丁頓	English
奧爾巴尼	English
奧爾德里奇	English
奧爾科特	English
奧特萊斯	English
奧羅拉	English
奶思	English
好市圍	English
好立克	English
好萊塢	English
姆巴巴內	English
威亞	English
威化	English
威士忌	English
威尼斯	English
威廉	English
威廉姆斯	English
威廉斯	English
威斯汀豪斯	English
威爾	English
威爾士	English
威爾斯	English
威爾遜	English
威靈頓	English
媽蛋	English
孖結	English
安乃近	English
安利	English
安卓	English
安可	English
安哥	English
安培	English
安士	English
安多芬	English
安大略	English
安妮	English
安娜	English
安德森	English
安德魯	English
安提法	English
安東尼	English
安東尼奧	English
安東尼婭	English
安琪莉可	English
安納海姆	English
安資斯坦	English
安迪	English
安那其	English
安那翰	English
安順	English
宏都拉斯	English
宙斯	English
密司	English
密士失必	English
密西西比	English
富拉	English
富蘭克林	English
寶活	English
尊巴	English
尖頭鰻	English
尤克里里	English
尤加利	English
尤金	English
尼克松	English
尼克遜	English
尼加拉瓜	English
尼古丁	English
尼古拉斯	English
尼哥	English
尼日利亞	English
尼科爾斯	English
尼龍	English
尾利畔	English
屋崙	English
山口山	English
山埃	English
山埃貼士	English
山姆	English
山旦寸	English
山達基	English
岡比亞	English
崴仔	English
川普	English
巧克	English
巧克力	English
差頭	English
巴	English
巴仙	English
巴勒斯坦	English
巴厘滿衙門	English
巴哈馬	English
巴哥	English
巴士	English
巴尼	English
巴巴多斯	English
巴巴拉	English
巴布爾	English
巴打	English
巴拉克	English
巴拉圭	English
巴拿馬	English
巴斯	English
巴比	English
巴比特	English
巴爾幹	English
巴祖卡	English
巴貝多	English
巴里	English
巴雷特	English
巴頓	English
巴馬臣	English
巴黎斯	English
市作頓	English
市泵	English
布丁	English
布什	English
布倫丹	English
布冧	English
布列塔尼	English
布加勒斯特	English
布希	English
布思	English
布拉干	English
布拉德利	English
布拉格	English
布拉沃	English
布朗	English
布朗克斯	English
布朗士	English
布朗尼	English
布林	English
布林肯	English
布殊	English
布洛芬	English
布甸	English
布萊克	English
布萊克韋爾	English
布萊思	English
布萊恩	English
布萊斯	English
布蘭登	English
布賴恩	English
布賴恩特	English
布賴斯	English
布里斯本	English
布里斯班	English
布里茲涅夫	English
布魯斯	English
布魯諾	English
希契科克	English
希思	English
希拉里	English
希爾	English
帕勞	English
帕尼尼	English
帕特里克	English
帛琉	English
帝力	English
常凱申	English
幫浦	English
干邑	English
幺匿	English
幾維鳥	English
庇釐士彬	English
床破	English
底比斯	English
底特律	English
庫克	English
康利	English
康奈利	English
康嫂	English
康密興	English
康拉德	English
康斯坦丁	English
弗朗西斯	English
弗朗西絲	English
弗格森	English
弗蘭克	English
弗里德曼	English
弗里曼	English
弗雷德里克	English
弗雷特	English
強尼	English
強森	English
強生	English
彌利堅	English
彌賽亞	English
彭斯	English
彼拉提斯	English
得莫克拉西	English
德司	English
德士	English
德律風	English
德懷特	English
德桑蒂斯	English
德比	English
德沃夏克	English
德莫克拉西	English
德蕾莎	English
德謨克拉西	English
德里	English
德里克	English
德魯伊	English
必珠卜	English
忌廉芝士	English
恤髮	English
恰恰	English
悉妮	English
悉尼	English
悶騷	English
惠斯勒	English
惠靈頓	English
意大利	English
愛德華	English
愛德華茲	English
愛斯	English
愛斯基摩	English
愛斯基摩人	English
愛格	English
愛沙尼亞	English
愛潑斯坦	English
愛爾蘭	English
愛迪生	English
愛麗斯	English
愛麗絲	English
懷特	English
懷特曼	English
戈梅斯	English
戈麥斯	English
戤司	English
戴卓爾	English
戴奧辛	English
戴斯	English
戴維	English
戴維斯	English
戴麟趾	English
所羅門	English
所見即所得	English
扎啤	English
打call	English
打吡	English
托利	English
托尼	English
托拉斯	English
托爾金	English
托瑪琳	English
托莫西汀	English
托馬斯	English
抓李抓罅	English
抓馬	English
披耶挪	English
披薩	English
拉丁	English
拉布拉多	English
拉拉	English
拉斐爾	English
拉斯卡	English
拉斯維加斯	English
拉法艾爾	English
拉爾夫	English
拉特	English
拉米雷斯	English
拉脫維亞	English
拉雷多	English
拍紙簿	English
拓都	English
拜	English
拜倫	English
拜占庭	English
拜登	English
拷貝	English
拿破侖	English
拿鐵	English
按乃近	English
按揭	English
捷克	English
捷克斯洛伐克	English
探戈	English
掰頭	English
提格雷語	English
插蘇	English
揚	English
搞爾	English
摩哆	English
摩打	English
摩托	English
摩根	English
摩爾	English
摩爾門	English
摩登	English
摩西	English
摩門	English
摩門特	English
撒切爾	English
撒哈拉	English
撲克	English
擼啊擼	English
放克	English
文尼	English
文拉法辛	English
文森特	English
文洛克世	English
斐濟	English
斯卡	English
斯圖爾特	English
斯坦	English
斯坦利	English
斯坦福	English
斯塔福德	English
斯威夫特	English
斯托克頓	English
斯旺西	English
斯洛伐克	English
斯皮爾伯格	English
斯科特	English
斯芬克斯	English
斯蒂芬	English
斯諾克	English
斯里蘭卡	English
斯高沙	English
新加坡	English
新地	English
方	English
方丹	English
方棚	English
施奈德	English
施巴斯坦	English
施瓦茨	English
施瓦辛格	English
昆廷	English
明尼亞波利斯	English
明尼蘇達	English
明尼阿波利斯	English
星加坡	English
晒士	English
晚霞子	English
晚餐	English
普利昂	English
普拉提	English
普林	English
普渡	English
普賴斯	English
普里道利世	English
智利	English
曼克頓	English
曼哈頓	English
曼徹斯特	English
朋克	English
望眉	English
木斯里	English
本傑明	English
朱利安	English
朱利安尼	English
朱古力	English
朱莉婭	English
朱迪絲	English
朱麗葉	English
杜冷丁	English
杜威	English
杜拜	English
杜林	English
杜魯多	English
杜魯道	English
杜魯門	English
杭特	English
杯葛	English
東加	English
林肯	English
果占	English
枯茗	English
柏斯	English
查克	English
查德	English
查普林	English
查爾斯	English
查理	English
柯利根	English
柯利近	English
柯卡布拉	English
柯度和	English
柯林頓	English
柯立芝	English
柴可夫斯基	English
根西	English
格拉摩根	English
格林	English
格林威治	English
格林納達	English
格瑞那達	English
格里菲思	English
桑伯格	English
桑切斯	English
桑托斯	English
桑拿	English
梅利莎	English
梅地亞	English
梅林	English
梭哈	English
梳打	English
梵啞鈴	English
梵婀玲	English
梵鈴	English
梵阿玲	English
樂普	English
樂高	English
標參	English
樸茨茅斯	English
樸落	English
橋接	English
檸檬	English
歇斯底里	English
歐內斯特	English
歐姆	English
歐巴馬	English
歐文	English
歐本海默	English
歪ㄈㄞˋ	English
比伯	English
比基尼	English
比拉魚	English
比爾	English
比特	English
比薩	English
毛利	English
毛里塔尼亞	English
民鐵吾	English
氙	English
氟伏沙明	English
氠	English
氡	English
氣連拿	English
氥	English
氨	English
水門汀	English
沃思	English
沃森	English
沃爾特	English
沃特斯	English
沙丁	English
沙司	English
沙士	English
沙展	English
沙市加寸	English
沙律	English
沙拉	English
沙斯	English
沙甸	English
沙發	English
沙龍	English
泊	English
法克	English
法拉	English
法拉第	English
法莫替丁	English
法蘭	English
法蘭絨	English
泡立水	English
波	English
波士	English
波士頓	English
波多黎各	English
波德申	English
波本	English
波特	English
波蘭	English
波里活	English
波音	English
泰勒	English
泰坦尼克	English
泰戈爾	English
泵	English
泵浦	English
洛佩斯	English
洛克菲勒	English
洛杉磯	English
洪都拉斯	English
派	English
派克	English
派克大衣	English
派司	English
浦西	English
海伍德	English
海倫	English
海倫娜	English
海因里希	English
海得拉巴	English
海德	English
海德拉巴	English
海斯	English
海明威	English
海波	English
海洛因	English
海洛英	English
海龍	English
淇淋	English
渡渡鳥	English
渥太華	English
湯力水	English
湯加	English
湯姆	English
湯姆森	English
湯普森	English
湯米	English
溚	English
溫哥華	English
溫地辟	English
溫拿	English
滑鐵盧	English
滿地可	English
漢堡	English
漢娜	English
漢密爾頓	English
漢弗萊	English
漢弗萊斯	English
潤	English
澤西	English
火士令	English
烏克蘭	English
烏帕齊拉	English
烏拉圭	English
烏蘇懷亞	English
烏諾	English
烏魯姆魯	English
焦耳	English
煙士披里純	English
煲	English
爾格	English
牛頓	English
物蘭池	English
特克斯	English
特拉維夫	English
特斯拉	English
特朗普	English
特洛伊	English
特納	English
特蕾莎	English
特里	English
特里薩	English
特雷莎	English
特魯多	English
特麗薩	English
狄力	English
狄斯耐	English
狗帶	English
猜拿	English
王德發	English
玻利維亞	English
珀斯	English
珍妮	English
珍妮弗	English
班巴拉	English
班戟	English
理查德	English
琉特琴	English
琳達	English
瑞思拜	English
瑣羅亞斯德	English
瑪利	English
瑪吉	English
瑪格麗特	English
瑪氏	English
瑪琪琳	English
瑪芬	English
瑪莉	English
瑪麗	English
瑪麗亞	English
瑪麗伯勒	English
瑪麗蘇	English
瓊	English
瓊斯	English
瓦倫西亞	English
瓦妮莎	English
瓦拉多利德	English
瓦格納	English
瓦特	English
甘比亞	English
甘迺迪	English
申根	English
番斯	English
番茄沙司	English
當機	English
癟三	English
登革	English
白脫	English
白蘭地	English
白金漢	English
的士	English
的士高	English
皮	English
皮卡	English
皮埃爾	English
皮欽	English
皮欽語	English
皮爾	English
皮爾斯	English
皮爾遜	English
盎司	English
盎格魯-撒克遜人	English
盤尼西林	English
盧克	English
盧卡斯	English
盧安達	English
盧恩	English
盧旺達	English
盧比	English
盧瑟	English
盧薩卡	English
直布羅陀	English
督伊德	English
矽	English
砈	English
砵	English
砵甸乍	English
砵黨順	English
砷	English
碘	English
碧池	English
碸	English
碼	English
磅	English
祖	English
福德姆	English
福斯特	English
福爾摩斯	English
福爾馬林	English
福特	English
福瑞	English
福遍	English
科倫坡	English
科克倫	English
科南	English
科文	English
科斯塔	English
穆林	English
突尼西亞	English
窩夫	English
立	English
立特	English
符碌	English
箍臣	English
簡	English
米兔	English
米切爾	English
米勒	English
米松	English
米歇爾	English
米爾頓	English
米突	English
米蘭	English
米蘭達	English
米釐	English
米高	English
米高梅	English
粉	English
系列	English
約克	English
約瑟夫	English
約翰	English
約翰斯頓	English
約翰遜	English
納	English
納斯達克	English
納爾遜	English
紐約	English
紐芬蘭	English
紐西蘭	English
紐賓士域	English
索尼	English
索思	English
索爾	English
索菲婭	English
絲打	English
維也納	English
維京人	English
維克托	English
維多利亞	English
維尼綸	English
維格沃姆	English
維薩	English
繆思	English
繆斯	English
羅	English
羅伯特	English
羅伯茨	English
羅便臣	English
羅傑	English
羅傑斯	English
羅厘	English
羅姆尼	English
羅宋	English
羅德洛世	English
羅德里格斯	English
羅思	English
羅拔	English
羅斯	English
羅斯福	English
羅曼蒂克	English
羅省枝利	English
羅絲	English
羅茲	English
羅蘭	English
羅里	English
美沙冬	English
羧	English
義大利	English
義律	English
老笠	English
考克斯	English
考克斯韋爾	English
考拉	English
考文垂	English
考特尼	English
考的松	English
耶和華	English
耶魯	English
聖代	English
聖文森及格瑞那丁	English
聽	English
肖邦	English
肟	English
肯尼亞	English
肯尼思	English
肯尼迪	English
肯德基	English
肯特	English
肼	English
肽	English
胍	English
胎	English
胡蘿蔔	English
胩	English
胲	English
胺	English
脎	English
脒	English
脫口秀	English
腖	English
腙	English
臘克	English
舍曲林	English
舒伯特	English
舒爾茨	English
舒馬赫	English
舭	English
色丁	English
色士風	English
色拉	English
色牙	English
艾伯特	English
艾士菲	English
艾奇遜	English
艾弗森	English
艾普爾	English
艾森豪	English
艾森豪威爾	English
艾滋	English
艾爾弗雷德	English
艾特	English
艾狄生	English
艾琳	English
艾瑪	English
艾絲特	English
艾迪生	English
艾麗絲	English
芝加哥	English
芝士	English
芬太尼	English
芬德利	English
芬蘭	English
芭芭拉	English
花士令	English
花惹發	English
芴	English
苄	English
苉	English
苊	English
苯	English
英倫	English
英格蘭	English
茄哩啡	English
茄士咩	English
茄山河	English
茅利塔尼亞	English
茚	English
茶包	English
荷巴特	English
荷爾蒙	English
荷荷芭	English
莎拉	English
莎樂美	English
莫三比克	English
莫吉托	English
莫妮卡	English
莫希托	English
莫斯科	English
莫桑比克	English
莫耳	English
莫里森	English
莰	English
華夫	English
華沙	English
華法林	English
華盛頓	English
華萊士	English
菲	English
菲利普	English
菲力	English
菲啶	English
菲律賓	English
菲林	English
菲爾德	English
菲爾普斯	English
萊佛士	English
萊姆	English
萊特	English
萘	English
萘啶	English
萘普生	English
萜	English
葉立德	English
葛底斯堡	English
葛柏	English
葛量洪	English
蒂傑利多	English
蒂法妮	English
蒂莫西	English
蒈	English
蒎	English
蒙哥馬利	English
蒙巴頓	English
蒙特內哥羅	English
蒙特利爾	English
蒙特婁	English
蒽	English
蓋亞那	English
蓋伊	English
蓋茨	English
蔡斯	English
蔻丹	English
蕾切爾	English
薁	English
薩克斯	English
薩克斯風	English
薩威稜帖	English
薩德	English
薩拉	English
薩拉米	English
薩摩亞	English
薩摩耶犬	English
薩斯喀徹溫	English
薩爾瓦多	English
薩瓦娜	English
薩瓦納	English
薩里	English
藍儂	English
蘇丹	English
蘇伊士	English
蘇利南	English
蘇彝士	English
蘇打	English
蘇格蘭	English
蘇珊	English
蘇珊娜	English
蘇納克	English
蘇里南	English
蘭多維列世	English
蘭辛	English
虎列拉	English
蛇果	English
蝌蝌啃蠟	English
蠟克	English
術	English
衛奕信	English
表爾威	English
裇	English
西伯利	English
西冷	English
西奧多	English
西打	English
西敏	English
西替利嗪	English
西林	English
西維爾	English
西蒙	English
西蒙娜	English
西里伯斯	English
西里爾	English
規那	English
觸	English
計順	English
設得蘭	English
設德蘭	English
詹姆斯	English
詹寧斯	English
詹金斯	English
諾克斯維爾	English
諾華斯高沙	English
諾貝爾	English
謀智	English
謝潑德	English
謝爾曼	English
謝特	English
谷拿脫	English
貓	English
貓本	English
貝克島	English
貝內特	English
貝司	English
貝奧武夫	English
貝寧	English
貝弗利	English
貝斯	English
貝果	English
貝爾維尤	English
貝里斯	English
費多威	English
費曼	English
費爾南德斯	English
費里曼	English
貼士	English
賀蘭	English
賈斯廷	English
賈森	English
賈絲明	English
賓果	English
賴	English
賴斯	English
賴比瑞亞	English
賴特	English
賽博	English
賽博格	English
賽因斯	English
賽恩斯	English
賽特	English
賽璐珞	English
賽蓮	English
赤市	English
赫德森	English
赫斯特	English
赫爾	English
起司	English
起士	English
趴	English
路德	English
路易	English
路易斯	English
車厘子	English
車士活	English
車路士	English
軒尼詩	English
轉姐	English
辛	English
辛布	English
辛普森	English
辛西婭	English
迦納	English
迪克	English
迪吉里杜管	English
迪士尼	English
迪拜	English
迪斯尼	English
迪斯科	English
迪科	English
迪肯斯	English
迪茂伊	English
迫力	English
連儂	English
連頓	English
道格拉斯	English
達令	English
達卡	English
達夫妮	English
達斯廷	English
達林	English
達爾	English
達爾文	English
達玲	English
達靈	English
邁	English
邁亞美	English
邁克爾	English
邁索爾	English
邁阿密	English
那不勒斯	English
那打素	English
邦貝克	English
邱吉爾	English
都柏林	English
鄧祿普	English
鄧肯	English
酉	English
酚	English
酞	English
酞嗪	English
酮	English
酷樂	English
酷蓋	English
醌	English
采采蠅	English
里士滿希爾	English
里奇	English
里斯本	English
里根	English
金必多湯	English
金斯敦	English
金氏	English
鈰	English
鈳	English
銨	English
鋅	English
錀	English
錯	English
鎊	English
鎓	English
鎶	English
鐳	English
門多薩	English
門檻	English
門羅	English
開	English
開司米	English
開爾文	English
開羅	English
開許	English
開麥拉	English
閥	English
阿	English
阿什利	English
阿克曼	English
阿利	English
阿利克	English
阿勒頗	English
阿博特	English
阿卡貝拉	English
阿司匹林	English
阿司帕坦	English
阿塞拜疆	English
阿多尼斯	English
阿奇博爾德	English
阿姆斯特朗	English
阿富汗尼	English
阿尼林	English
阿德拉	English
阿德萊德	English
阿德里安	English
阿德里安娜	English
阿戎	English
阿拉斯加	English
阿拉貝拉	English
阿拉貢	English
阿斯匹林	English
阿普唑侖	English
阿替普酶	English
阿格尼絲	English
阿格紐	English
阿爾及利亞	English
阿爾巴尼亞	English
阿爾弗列德	English
阿爾瓦雷斯	English
阿特利	English
阿特金森	English
阿狄森	English
阿瑟	English
阿米利亞	English
阿羅	English
阿莫西林	English
阿華田	English
阿要難為情	English
阿諾德	English
阿道夫	English
阿非利加	English
阿麗絲	English
隑斯林	English
雅各布	English
雅威	English
雅柏文	English
雪梨	English
雪茄	English
雪萊	English
雪達	English
雷德蒙	English
雷根	English
雷洛昔芬	English
雷諾	English
霍夫曼	English
霍巴特	English
霍洛韋	English
霍華德	English
霍金	English
露絲	English
露西	English
露西亞	English
韋斯利	English
韋羅妮卡	English
額勒金德	English
飛	English
飛洋傘	English
飯	English
香格里拉	English
香檳	English
香農	English
馬丁	English
馬來	English
馬來西亞	English
馬克	English
馬克杯	English
馬克筆	English
馬克西米利安	English
馬利	English
馬可	English
馬拉松	English
馬林巴琴	English
馬潤	English
馬爾薩斯	English
馬紹爾	English
馬芝蓮	English
馬賽克	English
馬里	English
馬里奧	English
騷凹瑞	English
騷莎	English
骨	English
高爾夫	English
鬧太套	English
魁北克	English
魂克	English
魯伊斯	English
魯冰花	English
魯尼	English
魯特琴	English
魯米諾	English
鮑勃	English
鮑威爾	English
鮑德溫	English
鮑爾	English
鮑里斯	English
鴯鶓	English
鵎鵼	English
麗貝卡	English
麥克	English
麥克唐納	English
麥克杜格爾	English
麥克筆	English
麥克納馬拉	English
麥克阿瑟	English
麥克風	English
麥克馬洪	English
麥凱恩	English
麥卡錫	English
麥可	English
麥理浩	English
麥當勞	English
麥當娜	English
麥肯	English
麥花臣	English
麥金利	English
麻豆	English
黎巴嫩	English
黎撩	English
黑客松	English
默克爾	English
黛安娜	English
齧拗	English
龐克	English
龲	English
𠽤	English
𡆇	English
亞伯拉罕	French
仲馬	French
伯恩斯坦	French
佩林	French
傅科	French
克	French
克洛伊	French
克萊爾	French
克里斯蒂安	French
凡爾賽	French
列氏	French
加侖	French
加布里埃爾	French
加西亞	French
勒龐	French
卡	French
卡巴萊	French
卡昂	French
卡桑	French
卡爾瓦多斯	French
卡特爾	French
卡羅琳	French
卡路里	French
卡農	French
卡龍	French
可頌	French
咖啡	French
哆囉	French
喇沙	French
喬治	French
嗶嘰	French
埃德加	French
埃里克	French
培根	French
塔羅牌	French
塞席爾	French
塞爾日	French
塞舌爾	French
夏洛特	French
夏爾	French
奧賽	French
安培	French
安妮	French
安娜	French
安托瓦妮特	French
安托萬	French
安琪莉可	French
安那其	French
富科	French
尼古拉	French
尼日	French
尼日爾	French
居里	French
巴松	French
巴爾扎克	French
巴薩	French
巴黎	French
布吉納法索	French
布基納法索	French
布莉歐	French
布魯諾	French
希拉克	French
帕松	French
庫侖	French
康斯坦丁	French
弗朗索瓦	French
弗雷德里克	French
德里克	French
愛德華	French
愛美的	French
愛麗斯	French
愛麗絲	French
戛納	French
托克維爾	French
斯坦	French
方丹	French
施奈德	French
施巴斯坦	French
施瓦茨	French
昂熱	French
普羅列塔利亞	French
普羅旺斯	French
普魯斯特	French
曼努埃爾	French
杜瓦利埃	French
杜魯道	French
樊尚	French
歐若拉	French
歐蘭德	French
沙龍	French
泊松	French
法蘭西	French
法貝熱	French
法郎	French
波爾多	French
泰納克	French
洛桑	French
浪漫	French
海牙	French
特雷門	French
狄德羅	French
班巴拉	French
琳達	French
皮埃爾	French
祖阿夫	French
福柯	French
科斯塔	French
科特迪瓦	French
第戎	French
米歇爾	French
維克托	French
維希	French
維爾日妮	French
聖桑	French
肖邦	French
舒伯特	French
芭蕾	French
若納唐	French
英特納雄耐爾	French
莫伊茲	French
莫妮克	French
蒙布朗	French
蕭邦	French
西蒙娜	French
西里爾	French
讓	French
貝克勒爾	French
貝南	French
貝桑松	French
路易	French
達夫妮	French
里昂	French
阿基坦	French
阿德里安	French
阿德里安娜	French
阿拉貢	French
阿根廷	French
阿爾代什	French
阿爾代什河	French
雅克	French
雅文邑	French
雷諾	French
頓河	French
頗爾	French
馬丁	French
馬克宏	French
馬克龍	French
馬孔	French
麻甩	French
龐加萊	French
亞伯拉罕	German
什未林	German
伯姆	German
伯恩斯坦	German
但澤	German
俾斯麥	German
克勞斯	German
克拉拉	German
克里斯托弗	German
克里斯蒂安	German
刻奇	German
卡爾	German
卡特爾	German
古力	German
古斯塔夫	German
古登堡	German
古騰堡	German
史塔西	German
同濟	German
喀斯特	German
埃里克	German
基什內爾	German
塞巴斯蒂安	German
夏洛特	German
多瑙	German
奧斯特里茨	German
奧斯納布呂克	German
奧本海默	German
威瑪	German
安娜	German
安納海姆	German
安那翰	German
尼古拉斯	German
布林肯	German
布魯諾	German
希姆萊	German
希特勒	German
帕海貝爾	German
庫爾特	German
康德	German
康拉德	German
康斯坦丁	German
康采恩	German
弗蘭克	German
弗里德曼	German
弗里德里希	German
德國馬克	German
愛德華	German
愛潑斯坦	German
戈培爾	German
拉舍爾	German
拜仁	German
斯圖加特	German
斯坦	German
施奈德	German
施威林	German
施巴斯坦	German
施特勞斯	German
施瓦茨	German
施瓦辛格	German
施皮爾貝格	German
時代精神	German
普法爾茨	German
曼努埃爾	German
本生	German
杜伊斯堡	German
柏林	German
柯尼斯堡	German
格奧爾格	German
格林	German
梅克爾	German
歐姆	German
歐本海默	German
波特	German
海因里希	German
漢堡	German
漢娜	German
漢諾威	German
烏爾里希	German
琳達	German
瑪格麗特	German
瓦格納	German
瓦爾特	German
申根	German
科斯塔	German
立陶宛	German
米勒	German
約瑟夫	German
約翰	German
索菲婭	German
維克托	German
羅伯特	German
肖爾茨	German
舒伯特	German
舒爾茨	German
舒馬赫	German
莫妮卡	German
華倫海特	German
華氏	German
菲利普	German
萊茵蘭	German
薩克森	German
蘇黎世	German
西蒙娜	German
西門	German
詩威林	German
貝多芬	German
費德勒	German
費拉	German
赫茲	German
路德	German
路德維希	German
路易斯	German
鐵必制	German
阿亨	German
阿道夫	German
霍夫曼	German
馬丁	German
馬克	German
馬克思	German
馬克西米利安	German
馬勒	German
馬格德堡	German
馬里奧	German
魏瑪	German
魯爾	German
鮑里斯	German
黑格爾	German
默克爾	German
齊特琴	German
伏打	Italian
佩洛西	Italian
克里斯蒂亞諾	Italian
克里斯蒂安	Italian
利古里亞	Italian
加布里埃爾	Italian
卡布其諾	Italian
卡布基諾	Italian
卡布奇諾	Italian
卡拉布里亞	Italian
古斯塔沃	Italian
喬凡尼	Italian
威爾第	Italian
安娜	Italian
安東尼奧	Italian
巴里	Italian
巴馬臣	Italian
布魯諾	Italian
帕尼尼	Italian
德桑蒂斯	Italian
意大利亞	Italian
意大里亞	Italian
拿坡里	Italian
拿鐵	Italian
提拉米蘇	Italian
普利亞	Italian
朱利安尼	Italian
梅洛尼	Italian
比薩	Italian
法西斯蒂	Italian
瑪麗亞	Italian
瓦萊達奧斯塔	Italian
科斯塔	Italian
索菲婭	Italian
羅伯托	Italian
羅伯特	Italian
羅馬	Italian
若望	Italian
莎樂美	Italian
莫利塞	Italian
莫妮卡	Italian
蒙特梭利	Italian
薩巴里安尼	Italian
薩拉	Italian
薩拉米	Italian
西蒙娜	Italian
貝盧斯科尼	Italian
路易吉	Italian
迭戈	Italian
里奇	Italian
阿伏伽德羅	Italian
阿卡貝拉	Italian
馬凱	Italian
馬可	Italian
馬爾凱	Italian
馬里奧	Italian
麗貝卡	Italian
麥當娜	Italian
丁抹	Japanese
七尾	Japanese
七飯	Japanese
三Q	Japanese
三井	Japanese
三味線	Japanese
三國	Japanese
三好	Japanese
三山	Japanese
三島	Japanese
三峽	Japanese
三明	Japanese
三條	Japanese
三次	Japanese
三浦	Japanese
三澤	Japanese
三疊紀	Japanese
三笠	Japanese
三菱	Japanese
三豐	Japanese
三鄉	Japanese
三重	Japanese
三鷹	Japanese
上天草	Japanese
上田	Japanese
上越	Japanese
上野	Japanese
上野原	Japanese
下北澤	Japanese
下呂	Japanese
下妻	Japanese
下松	Japanese
下野	Japanese
下馱	Japanese
世田谷	Japanese
世界	Japanese
世界主義	Japanese
世界語	Japanese
中二病	Japanese
中出	Japanese
中古	Japanese
中國	Japanese
中將	Japanese
中島	Japanese
中川	Japanese
中村	Japanese
中森	Japanese
中津	Japanese
中津川	Japanese
中破	Japanese
中華料理	Japanese
中華街	Japanese
中野	Japanese
串間	Japanese
丸吞	Japanese
丸龜	Japanese
丹波	Japanese
主催	Japanese
主義	Japanese
丼	Japanese
丼物	Japanese
久喜	Japanese
久慈	Japanese
久留米	Japanese
乙	Japanese
乙女	Japanese
乾巴得	Japanese
乾物女	Japanese
二世古	Japanese
二周目	Japanese
二戶	Japanese
二本松	Japanese
二次元	Japanese
二疊紀	Japanese
二酸化炭素	Japanese
五島	Japanese
五所川原	Japanese
五條	Japanese
五泉	Japanese
井上	Japanese
井原	Japanese
亞鉛	Japanese
交野	Japanese
京丹後	Japanese
京田邊	Japanese
京都	Japanese
京阪	Japanese
京阿尼	Japanese
人前	Japanese
人吉	Japanese
人氣	Japanese
人畜無害	Japanese
人設	Japanese
仁賀保	Japanese
今川燒	Japanese
今市	Japanese
今治	Japanese
介錯	Japanese
仙北	Japanese
仙臺	Japanese
仙貝	Japanese
代議	Japanese
代議士	Japanese
令和	Japanese
任天堂	Japanese
任豚	Japanese
伊丹	Japanese
伊勢	Japanese
伊勢原	Japanese
伊勢崎	Japanese
伊東	Japanese
伊萬里	Japanese
伊藤	Japanese
伊豆	Japanese
伊豆之國	Japanese
伊豫	Japanese
伊賀	Japanese
伊達	Japanese
伊那	Japanese
伏見	Japanese
伯剌西爾	Japanese
但書	Japanese
佐世保	Japanese
佐久	Japanese
佐伯	Japanese
佐佐木	Japanese
佐倉	Japanese
佐治	Japanese
佐渡	Japanese
佐藤	Japanese
佐野	Japanese
佛法僧	Japanese
例外	Japanese
侏羅	Japanese
便乘	Japanese
便所	Japanese
便當	Japanese
促音	Japanese
信託	Japanese
俱樂部	Japanese
俳句	Japanese
俳諧	Japanese
倉吉	Japanese
倉敷	Japanese
借方	Japanese
假名	Japanese
備前	Japanese
備忘錄	Japanese
傳染病	Japanese
働	Japanese
儒艮	Japanese
元氣滿滿	Japanese
元治	Japanese
兄貴	Japanese
入口	Japanese
入超	Japanese
入間	Japanese
內田	Japanese
內藤	Japanese
八代	Japanese
八千代	Japanese
八嘎	Japanese
八女	Japanese
八尾	Japanese
八岐大蛇	Japanese
八幡	Japanese
八幡平	Japanese
八幡濱	Japanese
八戶	Japanese
八格牙路	Japanese
八橋餅	Japanese
八潮	Japanese
八王子	Japanese
八紘一宇	Japanese
八美肉	Japanese
八街	Japanese
八雲	Japanese
公立	Japanese
六本木	Japanese
共同通訊社	Japanese
共和國	Japanese
共產主義	Japanese
共產趣味	Japanese
具體	Japanese
円	Japanese
冰見	Japanese
冷藏庫	Japanese
凪	Japanese
出口	Japanese
出張	Japanese
出超	Japanese
出雲	Japanese
函館	Japanese
切手	Japanese
切腹	Japanese
刈谷	Japanese
別府	Japanese
刺身	Japanese
前原	Japanese
前田	Japanese
劇場版	Japanese
力千	Japanese
力學	Japanese
力武	Japanese
加古川	Japanese
加答兒	Japanese
加納	Japanese
加茂	Japanese
加藤	Japanese
加西	Japanese
加賀	Japanese
加須	Japanese
勘亭流	Japanese
勝山	Japanese
勝浦	Japanese
勞動者	Japanese
匁	Japanese
化妝品	Japanese
北九州	Japanese
北寄貝	Japanese
北島	Japanese
北廣島	Japanese
北本	Japanese
北杜	Japanese
北海道	Japanese
北秋田	Japanese
北茨城	Japanese
北見	Japanese
十二指腸	Japanese
十和田	Japanese
十日町	Japanese
千曲	Japanese
千歲	Japanese
升華	Japanese
半田	Japanese
南島原	Japanese
南淡路	Japanese
南相馬	Japanese
南礪	Japanese
南薩摩	Japanese
南足柄	Japanese
南魚沼	Japanese
卜口	Japanese
卡哇伊	Japanese
卡拉OK	Japanese
卡桑	Japanese
卯月	Japanese
印西	Japanese
厚木	Japanese
厚田	Japanese
原田	Japanese
原畫	Japanese
反應	Japanese
取手	Japanese
取消	Japanese
取締	Japanese
受	Japanese
受身	Japanese
口嫌體正直	Japanese
口癖	Japanese
口紅	Japanese
古事記	Japanese
古川	Japanese
古河	Japanese
古賀	Japanese
可兒	Japanese
台東	Japanese
吃茶店	Japanese
各務原	Japanese
合志	Japanese
吉川	Japanese
吉普	Japanese
吉田	Japanese
吉野川	Japanese
吉魯巴	Japanese
同人誌	Japanese
名刺	Japanese
名取	Japanese
名古屋	Japanese
名寄	Japanese
名張	Japanese
名護	Japanese
向	Japanese
君	Japanese
君津	Japanese
吸貓	Japanese
吹田	Japanese
味之素	Japanese
味噌	Japanese
味精	Japanese
味素	Japanese
味醂	Japanese
呼列拉	Japanese
和	Japanese
和光	Japanese
和服	Japanese
和歌	Japanese
和歌山	Japanese
和泉	Japanese
和牛	Japanese
和製	Japanese
和製漢語	Japanese
咔啦	Japanese
咪西	Japanese
哇沙比	Japanese
哇沙米	Japanese
哇酷哇酷	Japanese
哈基米	Japanese
哘	Japanese
員辨	Japanese
哥斯拉	Japanese
哲學	Japanese
唐揚	Japanese
唐津	Japanese
善通寺	Japanese
喜多方	Japanese
單推	Japanese
嗦嘎	Japanese
嘉麻	Japanese
四國中央	Japanese
四日市	Japanese
四萬十	Japanese
四街道	Japanese
回送	Japanese
國分寺	Japanese
國後島	Japanese
國教	Japanese
國頭	Japanese
團子	Japanese
土佐	Japanese
土佐清水	Japanese
土岐	Japanese
土浦	Japanese
土肥	Japanese
土肥原	Japanese
圦	Japanese
地役權	Japanese
圷	Japanese
圸	Japanese
坂出	Japanese
坂戶	Japanese
坂本	Japanese
坂東	Japanese
垂水	Japanese
垳	Japanese
城陽	Japanese
埖	Japanese
埴輪	Japanese
基準	Japanese
基督教	Japanese
埼玉	Japanese
場合	Japanese
場所	Japanese
境港	Japanese
增田	Japanese
壁咚	Japanese
士別	Japanese
壹岐	Japanese
壽司	Japanese
壽喜燒	Japanese
夕張	Japanese
多摩	Japanese
多桑	Japanese
多治見	Japanese
多賀城	Japanese
大丈夫	Japanese
大仙	Japanese
大口	Japanese
大和	Japanese
大和郡山	Japanese
大和高田	Japanese
大垣	Japanese
大崎	Japanese
大府	Japanese
大曲	Japanese
大月	Japanese
大東	Japanese
大東亞共榮圈	Japanese
大洗	Japanese
大津	Japanese
大洲	Japanese
大牟田	Japanese
大田原	Japanese
大町	Japanese
大破	Japanese
大空	Japanese
大竹	Japanese
大統領	Japanese
大船渡	Japanese
大谷	Japanese
大野	Japanese
大野城	Japanese
大阪	Japanese
大阪狹山	Japanese
大陸政策	Japanese
大陸法	Japanese
大陸法系	Japanese
大館	Japanese
天婦羅	Japanese
天富羅	Japanese
天照大神	Japanese
天皇誕生日	Japanese
天童	Japanese
天草	Japanese
天麩羅	Japanese
天龍人	Japanese
太宰府	Japanese
太田	Japanese
太鼓	Japanese
夷隅	Japanese
奄美	Japanese
奈良	Japanese
奧州	Japanese
女裝子	Japanese
妙高	Japanese
妹抖	Japanese
姬路	Japanese
嬉野	Japanese
子音	Japanese
學蘭	Japanese
宅	Japanese
宅急送	Japanese
宅男	Japanese
宇佐	Japanese
宇和島	Japanese
宇土	Japanese
宇城	Japanese
宇治	Japanese
宇流麻	Japanese
宇部	Japanese
宇陀	Japanese
守口	Japanese
守山	Japanese
守谷	Japanese
安中	Japanese
安來	Japanese
安倍	Japanese
安價	Japanese
安全第一	Japanese
安曇野	Japanese
安藝	Japanese
安藝高田	Japanese
安藤	Japanese
安部	Japanese
完食	Japanese
宗像	Japanese
宗教	Japanese
宗谷海峽	Japanese
定食	Japanese
宜野灣	Japanese
室戶	Japanese
室蘭	Japanese
宮古	Japanese
宮崎	Japanese
宮津	Japanese
宮若	Japanese
宿毛	Japanese
宿題	Japanese
富士	Japanese
富士吉田	Japanese
富士宮	Japanese
富士山	Japanese
富士見	Japanese
富士見野	Japanese
富岡	Japanese
富津	Japanese
富田林	Japanese
富良野	Japanese
寒武	Japanese
寒河江	Japanese
寢屋川	Japanese
寫真	Japanese
射水	Japanese
將棋	Japanese
專賣	Japanese
尊	Japanese
對馬	Japanese
小千谷	Japanese
小城	Japanese
小學校	Japanese
小屋	Japanese
小川	Japanese
小平	Japanese
小松	Japanese
小松島	Japanese
小林	Japanese
小樽	Japanese
小泉	Japanese
小濱	Japanese
小牧	Japanese
小田原	Japanese
小矢部	Japanese
小破	Japanese
小確幸	Japanese
小美玉	Japanese
小諸	Japanese
小郡	Japanese
小野	Japanese
小金井	Japanese
小鳥遊	Japanese
少子化	Japanese
尼崎	Japanese
尼桑	Japanese
尾張旭	Japanese
尾花澤	Japanese
尾道	Japanese
尾鷲	Japanese
居酒屋	Japanese
屆	Japanese
山上	Japanese
山下	Japanese
山口	Japanese
山名	Japanese
山小屋	Japanese
山崎	Japanese
山形	Japanese
山本	Japanese
山村	Japanese
山梨	Japanese
山武	Japanese
山田	Japanese
山縣	Japanese
山葵	Japanese
山陽小野田	Japanese
山鹿	Japanese
岡山	Japanese
岡崎	Japanese
岡本	Japanese
岡田	Japanese
岡谷	Japanese
岩倉	Japanese
岩國	Japanese
岩沼	Japanese
岩見澤	Japanese
岸和田	Japanese
岸田	Japanese
峠	Japanese
島原	Japanese
島田	Japanese
崩壞	Japanese
川中島	Japanese
川口	Japanese
川合	Japanese
川崎	Japanese
川西	Japanese
川越	Japanese
工口	Japanese
工藤	Japanese
左近允	Japanese
市來串木野	Japanese
市原	Japanese
市川	Japanese
布拉甲	Japanese
帆立貝	Japanese
帶廣	Japanese
常滑	Japanese
常總	Japanese
常陸大宮	Japanese
常陸太田	Japanese
常陸那珂	Japanese
平假名	Japanese
平成	Japanese
平戶	Japanese
平澤	Japanese
平野	Japanese
年下	Japanese
年生	Japanese
幸手	Japanese
店長	Japanese
府中	Japanese
座間	Japanese
廚	Japanese
廣告	Japanese
廣場	Japanese
廣島	Japanese
延岡	Japanese
廿日市	Japanese
引擎	Japanese
引渡	Japanese
弘仁	Japanese
弘前	Japanese
彈幕	Japanese
彌生	Japanese
彥根	Japanese
後藤	Japanese
御三家	Japanese
御前崎	Japanese
御坊	Japanese
御好燒	Japanese
御姐	Japanese
御宅族	Japanese
御守	Japanese
御所	Japanese
御殿場	Japanese
德川	Japanese
心室	Japanese
忍者	Japanese
志布志	Japanese
志摩	Japanese
志木	Japanese
志留	Japanese
志賀	Japanese
恐龍	Japanese
悲劇	Japanese
悲報	Japanese
惠庭	Japanese
惠那	Japanese
惡趣味	Japanese
愛人	Japanese
愛媛	Japanese
愛嬌	Japanese
愛西	Japanese
感心	Japanese
慰安婦	Japanese
應援	Japanese
我孫子	Japanese
戶田	Japanese
所澤	Japanese
扁桃腺	Japanese
手帳	Japanese
手捲	Japanese
手續	Japanese
打消	Japanese
抖M	Japanese
抖S	Japanese
抹茶	Japanese
抽象	Japanese
拖拉庫	Japanese
拗音	Japanese
拮抗	Japanese
指宿	Japanese
振假名	Japanese
挲圓仔湯	Japanese
捍多路	Japanese
捏他	Japanese
掛川	Japanese
探戈	Japanese
推	Japanese
援交	Japanese
援助交際	Japanese
摃龜	Japanese
摩西摩西	Japanese
摺紙	Japanese
撒西米	Japanese
擇捉島	Japanese
攝津	Japanese
攝護腺	Japanese
支付	Japanese
攻	Japanese
放送局	Japanese
放題	Japanese
教科書	Japanese
敦賀	Japanese
數獨	Japanese
文久	Japanese
文化	Japanese
文法	Japanese
料理	Japanese
料理店	Japanese
新城	Japanese
新宮	Japanese
新宿	Japanese
新居濱	Japanese
新幹線	Japanese
新座	Japanese
新番	Japanese
新發田	Japanese
新篠津	Japanese
新見	Japanese
新雪谷	Japanese
新高山	Japanese
方案	Japanese
方針	Japanese
方面	Japanese
日南	Japanese
日向	Japanese
日本料理	Japanese
日產	Japanese
日田	Japanese
日進	Japanese
日野	Japanese
日高	Japanese
早田	Japanese
旭川	Japanese
旭日旗	Japanese
明治	Japanese
映畫	Japanese
春川	Japanese
春日	Japanese
春日井	Japanese
春日部	Japanese
昭和	Japanese
昭島	Japanese
時計	Japanese
晚霞子	Japanese
晚香坡	Japanese
暴走族	Japanese
會津若松	Japanese
會社	Japanese
月給	Japanese
月見草	Japanese
月讀	Japanese
有田	Japanese
朝來	Japanese
朝倉	Japanese
朝日	Japanese
朝霞	Japanese
木下	Japanese
木之本	Japanese
木古內	Japanese
木大	Japanese
木更津	Japanese
木本	Japanese
木村	Japanese
木毛	Japanese
本命	Japanese
本巢	Japanese
本格	Japanese
本渡	Japanese
本田	Japanese
札幌	Japanese
杉山	Japanese
村上	Japanese
村八分	Japanese
村山	Japanese
東久留米	Japanese
東大和	Japanese
東大阪	Japanese
東廣島	Japanese
東御	Japanese
東村山	Japanese
東松山	Japanese
東松島	Japanese
東根	Japanese
東條	Japanese
東溫	Japanese
東近江	Japanese
東金	Japanese
東香川	Japanese
杵築	Japanese
松下	Japanese
松山	Japanese
松平	Japanese
松戶	Japanese
松本	Japanese
松江	Japanese
松浦	Japanese
松田	Japanese
松阪	Japanese
板橋	Japanese
枕崎	Japanese
枕詞	Japanese
林檎	Japanese
枚方	Japanese
柏原	Japanese
柏崎	Japanese
柏青哥	Japanese
柔術	Japanese
柔道	Japanese
柳井	Japanese
柳川	Japanese
柴犬	Japanese
栃	Japanese
栗原	Japanese
栗東	Japanese
株式	Japanese
株式會社	Japanese
根室	Japanese
格納庫	Japanese
桃太郎	Japanese
案內	Japanese
桐生	Japanese
桑	Japanese
桑名	Japanese
桶川	Japanese
棒讀	Japanese
森	Japanese
森林浴	Japanese
森賽	Japanese
椛	Japanese
榊	Japanese
標記	Japanese
樣	Japanese
樹下	Japanese
樹林	Japanese
樺太	Japanese
橋本	Japanese
機關車	Japanese
橫手	Japanese
橫濱	Japanese
橫須賀	Japanese
橿原	Japanese
檸檬	Japanese
櫻井	Japanese
櫻川	Japanese
次世代	Japanese
次元	Japanese
次高山	Japanese
歌姬	Japanese
歌志內	Japanese
歌舞伎	Japanese
歌舞伎町	Japanese
歐兜邁	Japanese
歐吉桑	Japanese
歐尼醬	Japanese
歐巴桑	Japanese
歐派	Japanese
正太	Japanese
正露丸	Japanese
武井	Japanese
武藏村山	Japanese
武藏野	Japanese
武雄	Japanese
殖民	Japanese
殘念	Japanese
母音	Japanese
毒舌	Japanese
民宿	Japanese
民雄	Japanese
氟	Japanese
氣仙沼	Japanese
氪金	Japanese
水俁	Japanese
水俁病	Japanese
水割	Japanese
水原	Japanese
水着	Japanese
水道	Japanese
水道水	Japanese
汐止	Japanese
江別	Japanese
江差	Japanese
江戶	Japanese
江戶川	Japanese
江東	Japanese
江田島	Japanese
池沼	Japanese
池田	Japanese
池袋	Japanese
沖繩	Japanese
沙村	Japanese
沙西米	Japanese
河內長野	Japanese
河合	Japanese
河童	Japanese
沼津	Japanese
沼田	Japanese
泉佐野	Japanese
泉南	Japanese
泉大津	Japanese
法律	Japanese
泥盆	Japanese
注射	Japanese
津久見	Japanese
津山	Japanese
津島	Japanese
津輕	Japanese
津輕海峽	Japanese
洲本	Japanese
流山	Japanese
浦安	Japanese
浦添	Japanese
浮世繪	Japanese
浮羽	Japanese
海津	Japanese
海老名	Japanese
海苔	Japanese
淡路	Japanese
深川	Japanese
混凝土	Japanese
添乘	Japanese
清楚	Japanese
清水	Japanese
清瀨	Japanese
清須	Japanese
渡邊	Japanese
渡部	Japanese
湖西	Japanese
湯澤	Japanese
湯種	Japanese
源氏物語	Japanese
溫度計	Japanese
滑川	Japanese
滿州	Japanese
演歌	Japanese
漫才	Japanese
漫畫	Japanese
漫畫家	Japanese
潟上	Japanese
潮來	Japanese
潮吹	Japanese
澀川	Japanese
澀谷	Japanese
濱中	Japanese
濱口	Japanese
濱松	Japanese
濱田	Japanese
濱益	Japanese
瀧川	Japanese
瀨戶	Japanese
瀨戶內	Japanese
瀨戶內海	Japanese
火星人	Japanese
炎上	Japanese
炭	Japanese
炭素	Japanese
烏冬	Japanese
烏西	Japanese
烏龍	Japanese
無路賽	Japanese
照燒	Japanese
熊本	Japanese
熊谷	Japanese
熊野	Japanese
熱帶	Japanese
熱海	Japanese
燒津	Japanese
營業中	Japanese
營養	Japanese
爆乳	Japanese
爆笑	Japanese
爆買	Japanese
爸爸活	Japanese
爺爺岳	Japanese
片假名	Japanese
牛丼	Japanese
牛久	Japanese
牧之原	Japanese
物哀	Japanese
物語	Japanese
物質	Japanese
特務	Japanese
特多龍	Japanese
犬山	Japanese
狹山	Japanese
獨逸	Japanese
玉井	Japanese
玉名	Japanese
玉子豆腐	Japanese
玉置	Japanese
玉野	Japanese
珠洲	Japanese
現人神	Japanese
理事長	Japanese
理性	Japanese
理智	Japanese
理由	Japanese
瑞浪	Japanese
瑞西	Japanese
瓦斯	Japanese
甘木	Japanese
生放送	Japanese
生草	Japanese
生駒	Japanese
生鮮米	Japanese
田中	Japanese
田原	Japanese
田川	Japanese
田村	Japanese
田邊	Japanese
由利本莊	Japanese
由布	Japanese
甲州	Japanese
甲斐	Japanese
甲狀腺	Japanese
甲賀	Japanese
男娘	Japanese
男鹿	Japanese
町田	Japanese
畑	Japanese
留萌	Japanese
畠	Japanese
番外	Japanese
番號	Japanese
當別	Japanese
病嬌	Japanese
痛車	Japanese
痴漢	Japanese
登別	Japanese
登米	Japanese
白井	Japanese
白堊紀	Japanese
白熱	Japanese
白石	Japanese
白耳義	Japanese
百合	Japanese
益田	Japanese
盛岡	Japanese
監督	Japanese
盤谷	Japanese
直方	Japanese
直音	Japanese
相對	Japanese
相撲	Japanese
相模原	Japanese
相生	Japanese
看板	Japanese
看護婦	Japanese
看護學	Japanese
真岡	Japanese
真庭	Japanese
真空包裝	Japanese
眼鏡娘	Japanese
矢板	Japanese
矢追	Japanese
知內	Japanese
知多	Japanese
知立	Japanese
石井	Japanese
石卷	Japanese
石原	Japanese
石垣	Japanese
石居	Japanese
石山	Japanese
石岡	Japanese
石川	Japanese
石狩	Japanese
石田	Japanese
砂川	Japanese
硅	Japanese
硬直	Japanese
硴	Japanese
碧南	Japanese
磐城	Japanese
磐田	Japanese
礪波	Japanese
社畜	Japanese
神奈川	Japanese
神戶	Japanese
神樂	Japanese
神樂坂	Japanese
神隱	Japanese
神風	Japanese
福井	Japanese
福地	Japanese
福岡	Japanese
福島	Japanese
福津	Japanese
福生	Japanese
福田	Japanese
福知山	Japanese
福袋	Japanese
禿鷹	Japanese
秀逗	Japanese
私立	Japanese
秋山	Japanese
秋田	Japanese
秋留野	Japanese
秋葉原	Japanese
科學技術	Japanese
秦野	Japanese
秩父	Japanese
稚內	Japanese
稻敷	Japanese
稻澤	Japanese
積木	Japanese
穝	Japanese
空手道	Japanese
空耳	Japanese
窒扶斯	Japanese
窒素	Japanese
立場	Japanese
立川	Japanese
立繪	Japanese
立食	Japanese
竹刀	Japanese
竹原	Japanese
竹取物語	Japanese
竹崎	Japanese
竹田	Japanese
竹輪	Japanese
笛吹	Japanese
笠岡	Japanese
笠間	Japanese
笹	Japanese
箕面	Japanese
範疇	Japanese
篠山	Japanese
米信	Japanese
米原	Japanese
米國	Japanese
米子	Japanese
米澤	Japanese
米菓	Japanese
糀	Japanese
糎	Japanese
紀之川	Japanese
紅不讓	Japanese
紋別	Japanese
納尼	Japanese
納豆	Japanese
終活	Japanese
組合	Japanese
組織	Japanese
結城	Japanese
結界	Japanese
絕對領域	Japanese
經濟	Japanese
經驗	Japanese
網走	Japanese
綾瀨	Japanese
綾部	Japanese
編者	Japanese
練馬	Japanese
總社	Japanese
繪文字	Japanese
纃	Japanese
羊羹	Japanese
美作	Japanese
美唄	Japanese
美濃	Japanese
美濃加茂	Japanese
美禰	Japanese
美馬	Japanese
群馬	Japanese
羽咋	Japanese
羽島	Japanese
羽曳野	Japanese
羽村	Japanese
羽生	Japanese
習志野	Japanese
耽美	Japanese
聲優	Japanese
肉便器	Japanese
肺結核	Japanese
背景	Japanese
胎內	Japanese
胖次	Japanese
能代	Japanese
能美	Japanese
脫線	Japanese
腐女	Japanese
腐女子	Japanese
腹黑	Japanese
腺	Japanese
膵	Japanese
膵臟	Japanese
自動車	Japanese
自然淘汰	Japanese
自然界	Japanese
自轉車	Japanese
自閉症	Japanese
與田	Japanese
與那國	Japanese
舞鶴	Japanese
艦娘	Japanese
花札	Japanese
花見	Japanese
苫小牧	Japanese
英美法系	Japanese
茂原	Japanese
茅崎	Japanese
茅野	Japanese
茨城	Japanese
茨木	Japanese
草	Japanese
草假名	Japanese
草加	Japanese
草津	Japanese
荒尾	Japanese
莎喲娜拉	Japanese
菊川	Japanese
菊池	Japanese
萌	Japanese
萌豚	Japanese
萬年筆	Japanese
萬華	Japanese
萬葉假名	Japanese
萬葉集	Japanese
落語	Japanese
葛城	Japanese
蒲郡	Japanese
蓬萊米	Japanese
蓮田	Japanese
薄本	Japanese
薩摩川內	Japanese
藝術	Japanese
藤井	Japanese
藤井寺	Japanese
藤原	Japanese
藤岡	Japanese
藤枝	Japanese
藤森	Japanese
藤澤	Japanese
藤田	Japanese
蘆別	Japanese
蘆原	Japanese
蘆屋	Japanese
蘇我	Japanese
蘭學	Japanese
蘿莉	Japanese
蘿莉控	Japanese
蝦夷	Japanese
蝦野	Japanese
行方	Japanese
行橋	Japanese
行田	Japanese
術力口	Japanese
表象	Japanese
袋井	Japanese
袖浦	Japanese
被爆者	Japanese
裾野	Japanese
褄	Japanese
西之表	Japanese
西予	Japanese
西城	Japanese
西宮	Japanese
西尾	Japanese
西村	Japanese
西東京	Japanese
西條	Japanese
西門町	Japanese
見本	Japanese
見習	Japanese
見附	Japanese
規則	Japanese
親子丼	Japanese
親衛隊	Japanese
觀測	Japanese
觀音寺	Japanese
角田	Japanese
解放	Japanese
計劃	Japanese
訓讀	Japanese
訓點	Japanese
話	Japanese
誮	Japanese
課金	Japanese
調布	Japanese
調教	Japanese
請負	Japanese
諏訪	Japanese
諫早	Japanese
諷刺	Japanese
諸星	Japanese
諸葛	Japanese
警視廳	Japanese
議決	Japanese
讀物	Japanese
變壓器	Japanese
變電所	Japanese
變體假名	Japanese
讚岐	Japanese
豐中	Japanese
豐前	Japanese
豐原	Japanese
豐岡	Japanese
豐川	Japanese
豐後大野	Japanese
豐後高田	Japanese
豐明	Japanese
豐橋	Japanese
豐田	Japanese
豐見城	Japanese
貓娘	Japanese
貝塚	Japanese
財閥	Japanese
貯蓄銀行	Japanese
貸方	Japanese
資本	Japanese
賣萌	Japanese
質量	Japanese
賴打	Japanese
赤字	Japanese
赤平	Japanese
赤磐	Japanese
赤穗	Japanese
走行	Japanese
起毛	Japanese
越前	Japanese
越谷	Japanese
足利	Japanese
足輕	Japanese
趴	Japanese
路	Japanese
軍票	Japanese
輪島	Japanese
辯護士	Japanese
辷	Japanese
辻	Japanese
近江八幡	Japanese
近藤	Japanese
迫擊炮	Japanese
送假名	Japanese
逗子	Japanese
通勤	Japanese
連濁	Japanese
進化	Japanese
運將	Japanese
運轉	Japanese
運轉手	Japanese
過勞死	Japanese
道明	Japanese
遠藤	Japanese
遠野	Japanese
那卡西	Japanese
那珂	Japanese
那須烏山	Japanese
那須鹽原	Japanese
郡上	Japanese
郡山	Japanese
郵便	Japanese
郵便局	Japanese
郵便箱	Japanese
都合	Japanese
都留	Japanese
配布	Japanese
酒井	Japanese
酒田	Japanese
醬	Japanese
重光	Japanese
重曹	Japanese
野洲	Japanese
野球	Japanese
野田	Japanese
金婚式	Japanese
金平糖	Japanese
金澤	Japanese
金絲雀	Japanese
釜石	Japanese
釧路	Japanese
鈴木	Japanese
鈴鹿	Japanese
銀婚式	Japanese
銃殺	Japanese
銅鑼燒	Japanese
錢湯	Japanese
鎌倉	Japanese
鎌谷	Japanese
鎺	Japanese
鐵板燒	Japanese
長井	Japanese
長岡	Japanese
長岡京	Japanese
長崎	Japanese
長濱	Japanese
長萬部	Japanese
長谷川	Japanese
長野	Japanese
長門	Japanese
門真	Japanese
閉塞	Japanese
間歇泉	Japanese
關東煮	Japanese
阪南	Japanese
阪本	Japanese
防府	Japanese
阿久根	Japanese
阿南	Japanese
阿呆	Japanese
阿嘿顏	Japanese
阿奇毛	Japanese
阿搜比	Japanese
阿搭馬孔固力	Japanese
阿波	Japanese
阿給	Japanese
阿薩布魯	Japanese
阿蘇	Japanese
阿賀野	Japanese
阿達馬孔固力	Japanese
阿部	Japanese
阿里加多	Japanese
陰陽師	Japanese
陰陽道	Japanese
陸前高田	Japanese
陸奧	Japanese
雙子	Japanese
難波	Japanese
雫	Japanese
雲仙	Japanese
雲南	Japanese
雷	Japanese
雷普	Japanese
電動機	Japanese
電壓	Japanese
電波	Japanese
電球	Japanese
電荷	Japanese
電話	Japanese
電車	Japanese
震災	Japanese
霧峰	Japanese
霧島	Japanese
露西亞	Japanese
霸氣	Japanese
靈長	Japanese
青木	Japanese
青森	Japanese
鞭毛	Japanese
韮崎	Japanese
音聲	Japanese
須坂	Japanese
須崎	Japanese
須賀川	Japanese
領空	Japanese
顏值	Japanese
顏射	Japanese
顏藝	Japanese
顏面騎乘	Japanese
風俗店	Japanese
風呂	Japanese
風評被害	Japanese
飛特族	Japanese
飛行機	Japanese
飛驒	Japanese
飯山	Japanese
飯田	Japanese
飯能	Japanese
館山	Japanese
館林	Japanese
香南	Japanese
香取	Japanese
香美	Japanese
香芝	Japanese
馬殺雞	Japanese
馬猴燒酒	Japanese
馬路大	Japanese
駅	Japanese
駒根	Japanese
騎乘位	Japanese
高天原	Japanese
高女	Japanese
高山	Japanese
高島	Japanese
高崎	Japanese
高木	Japanese
高松	Japanese
高梨	Japanese
高橋	Japanese
高濱	Japanese
高田	Japanese
高石	Japanese
高萩	Japanese
高雄	Japanese
魔法少女	Japanese
魚沼	Japanese
魚津	Japanese
鮟鱇	Japanese
鯖江	Japanese
鯰	Japanese
鯱	Japanese
鰯	Japanese
鰻重	Japanese
鳥取	Japanese
鳥居	Japanese
鳥栖	Japanese
鳥羽	Japanese
鳴門	Japanese
鳴門卷	Japanese
鴨川	Japanese
鴻巢	Japanese
鶴島	Japanese
鹽尻	Japanese
鹽竈	Japanese
鹿兒島	Japanese
鹿屋	Japanese
鹿沼	Japanese
鹿野	Japanese
麥克	Japanese
麥粒腫	Japanese
麭	Japanese
麻生	Japanese
麿	Japanese
黑帶	Japanese
黑歷史	Japanese
黑潮	Japanese
黑澤	Japanese
黑田	Japanese
黑石	Japanese
黑部	Japanese
齋藤	Japanese
龍崎	Japanese
龍王	Japanese
龍野	Japanese
龜山	Japanese
龜岡	Japanese
乭	Korean
乯	Korean
傳貰	Korean
先農湯	Korean
努那	Korean
努隆吉	Korean
半傳貰	Korean
古朝鮮	Korean
唜	Korean
大吹打	Korean
大韓民國	Korean
密營	Korean
將棋	Korean
德川	Korean
忙內	Korean
怒那	Korean
思密達	Korean
撒浪嘿呦	Korean
散調	Korean
春川	Korean
月貰	Korean
朝鮮民主主義人民共和國	Korean
朝鮮民族	Korean
梨泰院	Korean
歐妮	Korean
歐尼	Korean
歐巴	Korean
汗蒸	Korean
江東	Korean
浌	Korean
溫突	Korean
無窮花	Korean
爾西古	Korean
牡丹峰	Korean
瑞山	Korean
盤索里	Korean
私生飯	Korean
空優	Korean
議政府	Korean
跆拳道	Korean
金達萊	Korean
阿加西	Korean
阿扎西	Korean
阿澤西	Korean
阿西吧	Korean
阿里郎	Korean
雪濃湯	Korean
韓古爾	Korean
韓民族	Korean
首爾	Korean
馬格利	Korean
麗水	Korean
龜尾	Korean
丁加奴	Malay
丹戎	Malay
亞庇	Malay
亞答	Malay
令吉	Malay
加影	Malay
厊䜎	Malay
可巴雅	Malay
叻埠	Malay
吉靈	Malay
吉靈人	Malay
呠	Malay
咖啡	Malay
哥打丁宜	Malay
喇沙	Malay
嘛嘛	Malay
嚴端	Malay
壩羅	Malay
外南夢	Malay
奎笼	Malay
娘惹	Malay
導郎	Malay
尖不辣	Malay
居鑾	Malay
峇囝	Malay
峇拉煎	Malay
峇羽	Malay
巫	Malay
巫來由	Malay
巫金	Malay
差文	Malay
巴冷刀	Malay
巴剎	Malay
巴姑菜	Malay
巴東勿剎	Malay
巴生	Malay
弄迎	Malay
彭亨	Malay
德光島	Malay
怡保	Malay
惹捚	Malay
惹蘭	Malay
愣㥥	Malay
打限	Malay
扮𠮨	Malay
拿督	Malay
摩多西卡	Malay
摩摩喳喳	Malay
斗湖	Malay
杜排	Malay
東革阿里	Malay
林吉特	Malay
染霧	Malay
柔佛	Malay
榴槤	Malay
沙嗲	Malay
沙央	Malay
沙爹	Malay
沙茶	Malay
烏公	Malay
烏魯	Malay
無來由	Malay
珠律	Malay
甘榜	Malay
甲必丹	Malay
督公	Malay
睮睖	Malay
石叻	Malay
納閩	Malay
紗籠	Malay
羅啲	Malay
美里	Malay
舒合	Malay
芒果	Malay
芽籠	Malay
若呀	Malay
莫哈末	Malay
蘇古	Malay
蘇東	Malay
蘇枋	Malay
蘇格	Malay
蘇門他拉	Malay
西谷米	Malay
詩巫	Malay
金寶	Malay
鐳	Malay
隆幫	Malay
雪蘭莪	Malay
馬六甲	Malay
馬打	Malay
馬拉盞	Malay
鵝蠻	Malay
伊犁	Manchu
伯克	Manchu
伯力	Manchu
佳木斯	Manchu
依蘭	Manchu
俄羅斯	Manchu
克什哈番	Manchu
努爾哈赤	Manchu
勃利	Manchu
包衣	Manchu
博斯騰	Manchu
博斯騰淖爾	Manchu
厄納特赫	Manchu
吉爾吉斯	Manchu
周延	Manchu
呼倫貝爾	Manchu
呼蘭	Manchu
和卓	Manchu
和碩	Manchu
和碩特	Manchu
哈喇	Manchu
哈爾濱	Manchu
哈薩克	Manchu
商都	Manchu
喀什噶爾	Manchu
喀山	Manchu
喀爾喀	Manchu
喇嘛	Manchu
喳	Manchu
嗻	Manchu
固山	Manchu
圖們	Manchu
土爾扈特	Manchu
堪達罕	Manchu
塔什干	Manchu
塔爾巴哈臺	Manchu
塞思黑	Manchu
墨爾根	Manchu
多爾袞	Manchu
多羅	Manchu
奎屯	Manchu
富察	Manchu
察哈爾	Manchu
寧古塔	Manchu
尼布楚	Manchu
巴克什	Manchu
巴圖魯	Manchu
巴林	Manchu
巴爾虎	Manchu
巴達克山	Manchu
巴里坤	Manchu
庫倫	Manchu
庫車	Manchu
庫頁	Manchu
廓爾喀	Manchu
恰克圖	Manchu
愛新覺羅	Manchu
拉薩	Manchu
拖沙喇哈番	Manchu
拜他喇布勒哈番	Manchu
按班	Manchu
挺	Manchu
掇爾多密	Manchu
昂邦	Manchu
昌吉	Manchu
木蘭	Manchu
札薩克	Manchu
杜爾伯特	Manchu
松阿察河	Manchu
格格	Manchu
沙琪瑪	Manchu
法庫	Manchu
海倫	Manchu
海蘭泡	Manchu
準噶爾	Manchu
烏拉	Manchu
烏拉草	Manchu
烏蘭烏蘇	Manchu
烏里雅蘇臺	Manchu
烏魯木齊	Manchu
牛彔	Manchu
特克斯	Manchu
特楞古特	Manchu
猞猁猻	Manchu
琿春	Manchu
瑪納斯	Manchu
瓜爾佳	Manchu
科爾沁	Manchu
穆稜	Manchu
章京	Manchu
精奇尼哈番	Manchu
索倫	Manchu
索尼	Manchu
索額圖	Manchu
綏稜	Manchu
綏芬河	Manchu
肯特	Manchu
胳肢	Manchu
興安	Manchu
興安嶺	Manchu
舒穆祿	Manchu
舒蘭	Manchu
色楞格	Manchu
茂明安	Manchu
莫斯科窪	Manchu
薩其馬	Manchu
薩滿	Manchu
蘇拉	Manchu
衛拉特	Manchu
諾門罕	Manchu
貝勒	Manchu
貝子	Manchu
赫哲	Manchu
車臣	Manchu
邋遢	Manchu
鄂倫春	Manchu
鄂博	Manchu
鈕	Manchu
鈕祜祿	Manchu
錫伯	Manchu
阿克蘇	Manchu
阿其那	Manchu
阿勒楚喀	Manchu
阿媽	Manchu
阿思哈尼哈番	Manchu
阿瑪	Manchu
阿達哈哈番	Manchu
雅克薩	Manchu
雙陽	Manchu
額爾古納河	Manchu
額爾德尼	Manchu
額爾齊斯	Manchu
額真	Manchu
齊齊哈爾	Manchu
丹尼爾	Portuguese
亞馬留	Portuguese
佩雷斯	Portuguese
保羅	Portuguese
克里斯托弗	Portuguese
克里斯蒂亞諾	Portuguese
克魯斯	Portuguese
加布里埃爾	Portuguese
加西亞	Portuguese
卡波耶拉	Portuguese
古德禮	Portuguese
古斯塔沃	Portuguese
古特雷斯	Portuguese
埃瑪	Portuguese
大三巴	Portuguese
安娜	Portuguese
安東尼奧	Portuguese
安東尼婭	Portuguese
巴勃羅	Portuguese
布魯諾	Portuguese
康白度	Portuguese
弗朗西斯科	Portuguese
德爾加多	Portuguese
愛潑斯坦	Portuguese
戈梅斯	Portuguese
戈麥斯	Portuguese
托馬斯	Portuguese
拉莫斯	Portuguese
施瓦茨	Portuguese
曼努埃爾	Portuguese
望眉	Portuguese
桑托斯	Portuguese
洛佩斯	Portuguese
瓦格納	Portuguese
瓦爾特	Portuguese
盧安達	Portuguese
福爾摩沙	Portuguese
科斯塔	Portuguese
米蘭達	Portuguese
索菲婭	Portuguese
維克托	Portuguese
羅伯托	Portuguese
羅伯特	Portuguese
羅安達	Portuguese
羅德里戈	Portuguese
若昂	Portuguese
莫三鼻給	Portuguese
莫妮卡	Portuguese
萊昂納多	Portuguese
薩拉查	Portuguese
薩爾瓦多	Portuguese
費爾南德斯	Portuguese
路易斯	Portuguese
迪亞斯	Portuguese
迭戈	Portuguese
達席爾瓦	Portuguese
阿爾瓦雷斯	Portuguese
阿薩伊	Portuguese
馬丁斯	Portuguese
馬交	Portuguese
馬介休	Portuguese
馬科斯	Portuguese
亞布力	Russian
伊伊穌斯	Russian
伊伊穌斯合利斯托斯	Russian
伊戈爾	Russian
伊萬	Russian
伊萬諾夫	Russian
伊萬諾夫娜	Russian
伊萬諾娃	Russian
伊萬諾沃	Russian
伊萬諾維奇	Russian
伊麗莎白	Russian
伏爾加河	Russian
伏特加	Russian
克格勃	Russian
克里木	Russian
克非爾	Russian
切爾尼戈夫	Russian
切爾諾貝利	Russian
列寧	Russian
列巴	Russian
利沃夫	Russian
利特維年科	Russian
加加林	Russian
勃列日涅夫	Russian
勒熱夫	Russian
卡拉干達	Russian
卡爾梅克	Russian
古拉格	Russian
史撥尼克	Russian
合利斯托斯	Russian
哈巴羅夫斯克	Russian
哈爾科夫	Russian
喀秋莎	Russian
嘎斯	Russian
基也輔	Russian
基涅什馬	Russian
基爾吉茲	Russian
基輔	Russian
基里爾	Russian
塔瑪拉	Russian
多姆拉	Russian
奇姆肯特	Russian
契卡	Russian
契訶夫	Russian
奧伊米亞康	Russian
孟什維克	Russian
安娜	Russian
安托諾夫	Russian
安東	Russian
安東諾夫	Russian
客里空	Russian
尼古拉	Russian
尼古拉耶夫	Russian
屠格涅夫	Russian
巴拉萊卡琴	Russian
巴甫洛格勒	Russian
巴達赫尚	Russian
布哈林	Russian
布拉吉	Russian
布拉戈維申斯克	Russian
布爾什維克	Russian
布爾雪維克	Russian
布里亞特	Russian
康拜因	Russian
弗拉基米爾	Russian
彼得	Russian
彼得羅巴甫洛夫斯克	Russian
彼得羅維奇	Russian
德米特里	Russian
戈比	Russian
戈爾巴喬夫	Russian
扎波羅熱	Russian
托卡馬克	Russian
托洛茨基	Russian
托爾斯泰	Russian
拉夫羅夫	Russian
拉達	Russian
斯普特尼克	Russian
施密爾舒	Russian
普京	Russian
普希金	Russian
普斯科夫	Russian
普裡戈任	Russian
普里戈任	Russian
札波羅熱	Russian
朱可夫	Russian
杜馬	Russian
格拉西莫夫	Russian
格里夫納	Russian
格魯吉亞	Russian
格魯烏	Russian
桑搏	Russian
梅德韋傑夫	Russian
梯弗里斯	Russian
比羅比詹	Russian
比金	Russian
沃羅涅日	Russian
沙皇	Russian
泰加林	Russian
浪漫史	Russian
涅爾琴斯克	Russian
澤連斯基	Russian
烏克蘭	Russian
烏拉	Russian
烏茲別克	Russian
烏蘇里斯克	Russian
特維爾	Russian
瑪特廖什卡	Russian
瓦西里	Russian
盧卡申科	Russian
盧布	Russian
盧甘斯克	Russian
秋明	Russian
符拉迪沃斯托克	Russian
第聶伯羅彼得羅夫斯克	Russian
米哈伊爾	Russian
米沙	Russian
納瓦爾尼	Russian
納霍德卡	Russian
索契	Russian
索爾仁尼琴	Russian
紹伊古	Russian
維克托	Russian
維堡	Russian
維爾霍揚斯克	Russian
羅曼諾夫	Russian
肖斯塔科維奇	Russian
芭芭雅嘎	Russian
茨岡	Russian
莫吉廖夫	Russian
莫斯科窪	Russian
莫洛托夫	Russian
落後就要挨打	Russian
葉卡捷琳娜	Russian
葉夫根尼	Russian
葉夫根尼婭	Russian
葉連娜	Russian
薩摩瓦爾	Russian
蘇卡不列	Russian
蘇維埃	Russian
蘇霍伊	Russian
西伯利	Russian
西羅維基	Russian
諾維喬克	Russian
謝爾蓋	Russian
謝苗	Russian
赫魯曉夫	Russian
車臣	Russian
達利涅戈爾斯克	Russian
達瓦里希	Russian
達瓦里氏	Russian
鄂霍次克	Russian
門捷列夫	Russian
阿爾巴津	Russian
阿芙樂爾	Russian
頓河	Russian
頓涅茨克	Russian
馬神	Russian
高爾基	Russian
魯薩爾卡	Russian
鮑里斯	Russian
三摩地	Sanskrit
三摩提	Sanskrit
三昧	Sanskrit
他化自在天	Sanskrit
伽耶	Sanskrit
佛剎	Sanskrit
佛陀	Sanskrit
修多羅	Sanskrit
俱盧舍	Sanskrit
俱胝	Sanskrit
俱致	Sanskrit
偈陀	Sanskrit
偈頌	Sanskrit
僧	Sanskrit
僧伽	Sanskrit
優婆塞	Sanskrit
優婆夷	Sanskrit
優曇婆羅	Sanskrit
兜率	Sanskrit
兜率天	Sanskrit
兜羅	Sanskrit
共命鳥	Sanskrit
剎利	Sanskrit
剎土	Sanskrit
剎多羅	Sanskrit
剎帝利	Sanskrit
剎那	Sanskrit
劫	Sanskrit
劫波	Sanskrit
劫難	Sanskrit
南無	Sanskrit
南無阿彌陀佛	Sanskrit
南膜	Sanskrit
古貝	Sanskrit
吠瑠璃	Sanskrit
吠陀	Sanskrit
和南	Sanskrit
和夷羅	Sanskrit
唵	Sanskrit
唵嘛呢叭咪吽	Sanskrit
嘍囉	Sanskrit
塔婆	Sanskrit
多羅	Sanskrit
夜叉	Sanskrit
夜摩天	Sanskrit
奈河	Sanskrit
奈落	Sanskrit
娑婆	Sanskrit
娑婆世界	Sanskrit
娑婆訶	Sanskrit
婆伽婆	Sanskrit
婆羅門	Sanskrit
寒林	Sanskrit
射干	Sanskrit
尉遲	Sanskrit
尸羅	Sanskrit
尼拘律	Sanskrit
尼波羅	Sanskrit
庵摩勒	Sanskrit
形虞	Sanskrit
怛特羅	Sanskrit
恆伽	Sanskrit
恆河	Sanskrit
悉曇	Sanskrit
悉達多	Sanskrit
憍陳如	Sanskrit
懺	Sanskrit
懺悔	Sanskrit
懺摩	Sanskrit
拉達	Sanskrit
拘留孫佛	Sanskrit
拘那含佛	Sanskrit
招提	Sanskrit
提婆	Sanskrit
提舍	Sanskrit
摩睺羅伽	Sanskrit
摩羅	Sanskrit
摩羯	Sanskrit
摩訶	Sanskrit
摩訶婆羅多	Sanskrit
摩訶波闍波提	Sanskrit
摩訶薩	Sanskrit
摩訶薩埵	Sanskrit
摩訶衍	Sanskrit
摩那婆	Sanskrit
支那	Sanskrit
文尼	Sanskrit
文殊師利	Sanskrit
普賢	Sanskrit
普陀	Sanskrit
曼荼羅	Sanskrit
曼陀羅	Sanskrit
朅伽	Sanskrit
杜爾迦	Sanskrit
林伽	Sanskrit
桫欏	Sanskrit
檀越	Sanskrit
檀那	Sanskrit
毗婆尸	Sanskrit
毗濕奴	Sanskrit
毗盧遮那如來	Sanskrit
波羅夷	Sanskrit
波羅蜜	Sanskrit
波羅蜜多	Sanskrit
波那娑	Sanskrit
準提	Sanskrit
準提菩薩	Sanskrit
滅度	Sanskrit
濕婆	Sanskrit
牟呼栗多	Sanskrit
瑜伽	Sanskrit
璧流離	Sanskrit
由旬	Sanskrit
畢哇巴	Sanskrit
盂蘭盆	Sanskrit
真如	Sanskrit
真言	Sanskrit
瞿曇	Sanskrit
祇樹	Sanskrit
禪	Sanskrit
禪定	Sanskrit
禪思	Sanskrit
禪那	Sanskrit
維那	Sanskrit
緊那羅	Sanskrit
缽多羅	Sanskrit
羅剎	Sanskrit
羅摩	Sanskrit
羅摩衍那	Sanskrit
羯磨	Sanskrit
耆那	Sanskrit
耶輸陀羅	Sanskrit
肉髻	Sanskrit
胡茶辣	Sanskrit
脂那	Sanskrit
至那	Sanskrit
舍利	Sanskrit
舍利弗	Sanskrit
般舟三昧	Sanskrit
苾芻	Sanskrit
茉莉	Sanskrit
菩提	Sanskrit
菩提薩埵	Sanskrit
菩薩	Sanskrit
蒔蘿	Sanskrit
蓽拔	Sanskrit
薄伽梵	Sanskrit
薩埵	Sanskrit
薰陸	Sanskrit
蘇波呵	Sanskrit
衛塞	Sanskrit
豆蔻	Sanskrit
貝多	Sanskrit
質多	Sanskrit
辟支佛	Sanskrit
迦梨	Sanskrit
迦濕彌羅	Sanskrit
迦膩色伽	Sanskrit
迦葉	Sanskrit
迦葉佛	Sanskrit
迦陵頻伽	Sanskrit
達摩	Sanskrit
達羅毗荼	Sanskrit
那伽	Sanskrit
那由他	Sanskrit
那落迦	Sanskrit
釋提桓因	Sanskrit
釋迦	Sanskrit
釋迦文	Sanskrit
釋迦牟尼	Sanskrit
閻摩	Sanskrit
閻浮	Sanskrit
閻羅	Sanskrit
閻魔	Sanskrit
阿修羅	Sanskrit
阿僧祇	Sanskrit
阿勃勒	Sanskrit
阿勒勃	Sanskrit
阿吽	Sanskrit
阿彌陀佛	Sanskrit
阿耆多	Sanskrit
阿耨多羅	Sanskrit
阿耨多羅三藐三菩提	Sanskrit
阿蘭若	Sanskrit
阿賴耶識	Sanskrit
阿逸多	Sanskrit
阿闍梨	Sanskrit
阿鼻	Sanskrit
阿鼻地獄	Sanskrit
陀羅尼	Sanskrit
陪臚	Sanskrit
難陀	Sanskrit
震旦	Sanskrit
須彌	Sanskrit
須彌山	Sanskrit
頭陀	Sanskrit
頻婆	Sanskrit
魔	Sanskrit
魔羅	Sanskrit
鳩槃荼	Sanskrit
丹尼爾	Spanish
丹轆	Spanish
亞典耀	Spanish
介休	Spanish
介華連	Spanish
伊尼亞基	Spanish
伊瓦拉	Spanish
何塞	Spanish
佩尼亞	Spanish
佩雷斯	Spanish
倫皮拉	Spanish
克里斯蒂亞諾	Spanish
克魯斯	Spanish
加夫列爾	Spanish
加西亞	Spanish
卡布雷拉	Spanish
卡斯特羅	Spanish
卡斯蒂利亞	Spanish
卡斯蒂略	Spanish
厄爾尼諾	Spanish
參迫古	Spanish
參迫咕	Spanish
古巴	Spanish
古斯塔沃	Spanish
古茲曼	Spanish
古鐵雷斯	Spanish
可塔朵	Spanish
呀囒米	Spanish
周斗亞	Spanish
埃斯特拉達	Spanish
埃斯科瓦爾	Spanish
埃爾南德斯	Spanish
培尼亞	Spanish
基什內爾	Spanish
基多	Spanish
塔帕斯	Spanish
塞巴斯蒂安	Spanish
塞西莉亞	Spanish
奧爾特加	Spanish
奧爾蒂斯	Spanish
安東尼奧	Spanish
山多些	Spanish
山多寫	Spanish
山旦寸	Spanish
岷倫洛	Spanish
巴倫西亞	Spanish
巴利亞多利德	Spanish
巴勃羅	Spanish
巴波亞	Spanish
巴爾加斯	Spanish
巴薩	Spanish
巴薩廖特	Spanish
布克萊	Spanish
布宜諾斯艾利斯	Spanish
布拉沃	Spanish
庇隆	Spanish
弗朗西斯科	Spanish
德爾加多	Spanish
戈梅斯	Spanish
戈麥斯	Spanish
托馬斯	Spanish
拉尼娜	Spanish
拉科魯尼亞	Spanish
拉米雷斯	Spanish
拉莫斯	Spanish
掘地孖罅	Spanish
探戈	Spanish
施巴斯坦	Spanish
曼努埃爾	Spanish
查爾斯	Spanish
格查爾	Spanish
格瓦拉	Spanish
格雷羅	Spanish
桑切斯	Spanish
桑托斯	Spanish
比利牛斯	Spanish
比利牛斯山脈	Spanish
比森特	Spanish
比索	Spanish
民成李祐	Spanish
洛佩斯	Spanish
洛麗塔	Spanish
海公牛	Spanish
渭罅古魯	Spanish
烏蘇懷亞	Spanish
玻利維亞諾	Spanish
瑪麗亞	Spanish
瓦爾特	Spanish
甘馬隈	Spanish
生打加拉	Spanish
皮納塔	Spanish
科多巴	Spanish
科斯塔	Spanish
答巴租罅	Spanish
米蘭達	Spanish
粗市畔	Spanish
納瓦拉	Spanish
納瓦羅	Spanish
維克托	Spanish
羅伯托	Spanish
羅哈斯	Spanish
羅德里戈	Spanish
羅德里格斯	Spanish
羅梅羅	Spanish
胡安	Spanish
舍咕	Spanish
艾羅育	Spanish
莫希托	Spanish
莫拉萊斯	Spanish
菜苑	Spanish
萊昂納多	Spanish
薩帕塔	Spanish
薩拉	Spanish
薩拉查	Spanish
薩爾瓦多	Spanish
蘇亞雷斯	Spanish
裡維拉	Spanish
諾列加	Spanish
豪爾赫	Spanish
貝尼特斯	Spanish
貝拉斯克斯	Spanish
費爾南德斯	Spanish
赫蘇斯	Spanish
路易斯	Spanish
迪亞斯	Spanish
迪亞茲	Spanish
迭戈	Spanish
邁克爾	Spanish
酒灣拿	Spanish
里維拉	Spanish
金塔納	Spanish
門多薩	Spanish
阿吉拉爾	Spanish
阿德里安	Spanish
阿拉瓦	Spanish
阿拉貢	Spanish
阿斯圖里亞斯	Spanish
阿爾瓦雷斯	Spanish
阿爾韋托	Spanish
阿科斯塔	Spanish
阿羅約	Spanish
阿連德	Spanish
阿里亞斯	Spanish
阿雷利亞諾	Spanish
馬丁	Spanish
馬丁內斯	Spanish
馬尼拉	Spanish
馬德里	Spanish
馬杜羅	Spanish
馬爾克斯	Spanish
馬科斯	Spanish
馬蒂	Spanish
馬里奧	Spanish
魯伊斯	Spanish
克拉拉	Swedish
克里斯蒂安	Swedish
加布里埃爾	Swedish
古斯塔夫	Swedish
哈馬舍爾德	Swedish
埃里克	Swedish
安娜	Swedish
布魯諾	Swedish
帕爾梅	Swedish
康拉德	Swedish
愛德華	Swedish
施巴斯坦	Swedish
施瓦茨	Swedish
林雪平	Swedish
海倫	Swedish
漢娜	Swedish
琳達	Swedish
瓦爾特	Swedish
約瑟夫	Swedish
索菲婭	Swedish
維克托	Swedish
諾貝爾	Swedish
赫爾	Swedish
通貝裡	Swedish
通貝里	Swedish
馬丁	Swedish
佛統	Thai
來興	Thai
冬蔭	Thai
冬蔭功	Thai
勿洞	Thai
北大年	Thai
北柳	Thai
北標	Thai
北欖	Thai
北碧	Thai
南奔	Thai
南邦	Thai
呵叻	Thai
喀比	Thai
夜功	Thai
夜豐頌	Thai
宋干節	Thai
密豐頌	Thai
尖噴	Thai
尖竹汶	Thai
帕	Thai
惹拉	Thai
打拋	Thai
挽賜	Thai
斜仔	Thai
春武里	Thai
春蓬	Thai
是拉差	Thai
暖武里	Thai
曼谷	Thai
桐艾	Thai
楠	Thai
檳角	Thai
武里南	Thai
洛坤	Thai
清萊	Thai
清邁	Thai
湄南河	Thai
濱角	Thai
甲米	Thai
程逸	Thai
紅統	Thai
素可泰	Thai
羅勇	Thai
美功河	Thai
色梗港	Thai
色軍	Thai
莊他武里	Thai
華富里	Thai
萬倫	Thai
薩瓦迪卡	Thai
丁青	Tibetan
下司馬	Tibetan
丹噶爾	Tibetan
丹增	Tibetan
乃堆拉	Tibetan
乃東	Tibetan
仁布	Tibetan
仁波切	Tibetan
仲巴	Tibetan
克	Tibetan
八宿	Tibetan
八廓	Tibetan
八思巴	Tibetan
剛察	Tibetan
加查	Tibetan
卓尼	Tibetan
卓瑪	Tibetan
南木林	Tibetan
卡若	Tibetan
吉隆	Tibetan
哈達	Tibetan
哲蚌寺	Tibetan
唐卡	Tibetan
唐古拉	Tibetan
唐古拉山	Tibetan
嘉絨	Tibetan
嘉黎	Tibetan
嘎巴拉	Tibetan
噶倫	Tibetan
噶廈	Tibetan
噶爾	Tibetan
囊謙	Tibetan
堆龍德慶	Tibetan
堪布	Tibetan
墨竹工卡	Tibetan
壤塘	Tibetan
多瑪	Tibetan
大柴旦	Tibetan
安多	Tibetan
宗	Tibetan
定日	Tibetan
定結	Tibetan
察木多	Tibetan
察隅	Tibetan
察雅	Tibetan
尼木	Tibetan
尼瑪	Tibetan
岡仁波齊	Tibetan
岡底斯	Tibetan
崗巴	Tibetan
工卡	Tibetan
工布	Tibetan
工布江達	Tibetan
左貢	Tibetan
巴塘	Tibetan
巴宜	Tibetan
巴青	Tibetan
布達拉宮	Tibetan
希夏邦馬峰	Tibetan
帕里	Tibetan
年楚河	Tibetan
康	Tibetan
康巴	Tibetan
康馬	Tibetan
強巴	Tibetan
得榮	Tibetan
德格	Tibetan
德欽	Tibetan
德讓宗	Tibetan
念青唐古拉山	Tibetan
扎什倫布寺	Tibetan
扎囊	Tibetan
扎木聶	Tibetan
扎西德勒	Tibetan
打箭爐	Tibetan
拉孜	Tibetan
拉昂錯	Tibetan
措勤	Tibetan
措美	Tibetan
改則	Tibetan
日喀則	Tibetan
日土	Tibetan
昂仁	Tibetan
昌都	Tibetan
普	Tibetan
普蘭	Tibetan
曲	Tibetan
曲松	Tibetan
曲水	Tibetan
朗縣	Tibetan
朗達瑪	Tibetan
木里	Tibetan
札達	Tibetan
林卡	Tibetan
林周	Tibetan
林芝	Tibetan
果洛	Tibetan
柴達木	Tibetan
格桑花	Tibetan
桑日	Tibetan
桑珠孜	Tibetan
樟木	Tibetan
比如	Tibetan
氆氌	Tibetan
江孜	Tibetan
江達	Tibetan
沖賽康	Tibetan
沱沱河	Tibetan
波密	Tibetan
洛卡	Tibetan
洛子峰	Tibetan
洛扎	Tibetan
洛桑	Tibetan
洛隆	Tibetan
洞朗	Tibetan
浪卡子	Tibetan
溪卡	Tibetan
澤庫	Tibetan
烏思藏	Tibetan
烏思藏納里速古魯孫	Tibetan
熱巴	Tibetan
熱振寺	Tibetan
物瑪	Tibetan
珞巴	Tibetan
珠穆朗瑪	Tibetan
班公錯	Tibetan
班戈	Tibetan
班禪喇嘛	Tibetan
理塘	Tibetan
瑪多	Tibetan
瑪旁雍錯	Tibetan
瑪曲	Tibetan
瑪沁	Tibetan
瓊結	Tibetan
甘丹寺	Tibetan
甘孜	Tibetan
申扎	Tibetan
畢旺	Tibetan
當惹雍錯	Tibetan
當曲	Tibetan
當雄	Tibetan
白朗	Tibetan
石渠	Tibetan
碌曲	Tibetan
稱多	Tibetan
稻城	Tibetan
米林	Tibetan
糌粑	Tibetan
納木那尼	Tibetan
納木錯	Tibetan
索縣	Tibetan
絨布寺	Tibetan
羊八井	Tibetan
羊卓雍錯	Tibetan
羌塘	Tibetan
聶拉木	Tibetan
聶榮	Tibetan
舟曲	Tibetan
色尼	Tibetan
色拉寺	Tibetan
色林錯	Tibetan
色達	Tibetan
芒康	Tibetan
若爾蓋	Tibetan
苯教	Tibetan
茶卡	Tibetan
薩嘎	Tibetan
薩迦	Tibetan
藏	Tibetan
藏布	Tibetan
衛藏	Tibetan
謝通門	Tibetan
貢嘎	Tibetan
貢嘎山	Tibetan
貢巴	Tibetan
貢覺	Tibetan
贊普	Tibetan
迪慶	Tibetan
迭部	Tibetan
道孚	Tibetan
達孜	Tibetan
達賴喇嘛	Tibetan
邊壩	Tibetan
邏些	Tibetan
邏娑	Tibetan
那曲	Tibetan
郎木寺	Tibetan
金珠瑪米	Tibetan
錯	Tibetan
錯尼	Tibetan
錯那	Tibetan
門巴	Tibetan
阿壩	Tibetan
阿尼瑪卿山	Tibetan
阿里	Tibetan
隆子	Tibetan
雅魯藏布	Tibetan
革吉	Tibetan
類烏齊	Tibetan
馬爾康	Tibetan
伊諾努	Turkish
凱末爾	Turkish
卡巴	Turkish
埃爾多安	Turkish
埃里克	Turkish
奧斯曼	Turkish
巴夏	Turkish
帕夏	Turkish
耶尼切里	Turkish
艾爾多安	Turkish
蒂爾克奧盧	Turkish
阿塔圖爾克	Turkish
乃依	Uyghur
乃則爾巴格	Uyghur
也克先拜巴扎	Uyghur
亞克西	Uyghur
亞瓦格	Uyghur
亞科瑞克	Uyghur
伊里其	Uyghur
佳木	Uyghur
依不拉音	Uyghur
依力克其	Uyghur
依蓋爾其	Uyghur
依麻木	Uyghur
克孜爾	Uyghur
克拉瑪依	Uyghur
克里陽	Uyghur
卓爾庫特	Uyghur
博斯坦	Uyghur
卡奈依	Uyghur
卡龍	Uyghur
古勒巴格	Uyghur
古江巴格	Uyghur
吉亞	Uyghur
吉孜哈克	Uyghur
吉格代加依	Uyghur
吐外特	Uyghur
吐曼塔勒	Uyghur
吐木秀克	Uyghur
吐沙拉	Uyghur
吾宗肖	Uyghur
吾布里	Uyghur
吾買爾	Uyghur
吾馬爾	Uyghur
和田	Uyghur
哈拉峻	Uyghur
啟浪	Uyghur
喀勒塔吐格曼	Uyghur
喀拉喀什	Uyghur
喀斯木	Uyghur
喀瓦克	Uyghur
喬勒潘	Uyghur
固拉合瑪	Uyghur
固瑪	Uyghur
圖呼其	Uyghur
圖木舒克	Uyghur
坎兒井	Uyghur
坎土曼	Uyghur
塔什庫爾干	Uyghur
塔提讓	Uyghur
塔里木	Uyghur
夏普吐勒	Uyghur
夏馬勒巴格	Uyghur
多來特巴格	Uyghur
多浪	Uyghur
多魯	Uyghur
天山	Uyghur
央塔克	Uyghur
奎依巴格	Uyghur
奧依亞依拉克	Uyghur
奧依托格拉克	Uyghur
奧特貝希	Uyghur
奴爾	Uyghur
孜然	Uyghur
安迪爾	Uyghur
尼雅	Uyghur
山普魯	Uyghur
岳普湖	Uyghur
巴仁	Uyghur
巴依	Uyghur
巴依阿瓦提	Uyghur
巴扎	Uyghur
巴拉曼	Uyghur
巴旦木	Uyghur
巴格其	Uyghur
巴紮	Uyghur
巴郎子	Uyghur
巴音郭楞	Uyghur
布亞	Uyghur
帕提古麗	Uyghur
庫木巴希	Uyghur
庫爾勒	Uyghur
庫米什	Uyghur
康其	Uyghur
恰哈	Uyghur
恰爾巴格	Uyghur
恰薩	Uyghur
慕士塔格	Uyghur
扎瓦	Uyghur
托依堡勒迪	Uyghur
托克扎克	Uyghur
托克遜	Uyghur
托木吾斯塘	Uyghur
托木爾峰	Uyghur
托胡拉	Uyghur
拉依喀	Uyghur
拉斯奎	Uyghur
拜什吐格曼	Uyghur
排先拜巴扎	Uyghur
斯也克	Uyghur
普恰克其	Uyghur
朗如	Uyghur
木卡姆	Uyghur
木吉	Uyghur
木奎拉	Uyghur
木蜜亞	Uyghur
杜瓦	Uyghur
杭桂	Uyghur
柏孜克里克	Uyghur
柯克亞	Uyghur
柯坪	Uyghur
桑株	Uyghur
梭梭	Uyghur
比西巴格	Uyghur
沙雅	Uyghur
波斯喀木	Uyghur
洛浦	Uyghur
烏夏巴什	Uyghur
烏尊	Uyghur
烏恰	Uyghur
烏爾其	Uyghur
烏魯克恰提	Uyghur
烏魯克薩依	Uyghur
烏魯卻勒	Uyghur
玉努斯	Uyghur
玉爾其	Uyghur
玉麥	Uyghur
玉龍喀什	Uyghur
皮拉勒	Uyghur
皮牙子	Uyghur
皮西那	Uyghur
祁曼塔格	Uyghur
科克鐵熱克	Uyghur
策勒	Uyghur
納格拉	Uyghur
納格納	Uyghur
納瓦	Uyghur
維吾爾	Uyghur
罕艾日克	Uyghur
羊缸子	Uyghur
胡西它爾	Uyghur
色也克	Uyghur
色格孜庫勒	Uyghur
艾力西湖	Uyghur
艾古斯	Uyghur
艾合麥提	Uyghur
艾捷克	Uyghur
艾西曼	Uyghur
芒來	Uyghur
若克雅	Uyghur
英也爾	Uyghur
英吉沙	Uyghur
英吾斯塘	Uyghur
英艾日克	Uyghur
英買里	Uyghur
英阿瓦提	Uyghur
葉亦克	Uyghur
蓋孜力克	Uyghur
蓋孜庫木	Uyghur
薩依巴格	Uyghur
薩勒吾則克	Uyghur
薩塔爾	Uyghur
薩巴依	Uyghur
薩拉姆	Uyghur
薩罕	Uyghur
藏桂	Uyghur
蘇爾奈	Uyghur
蘭干	Uyghur
西合休	Uyghur
買買提	Uyghur
賽力	Uyghur
賽圖拉	Uyghur
賽里木	Uyghur
迪麗熱巴	Uyghur
達卜	Uyghur
達吾特	Uyghur
達坂	Uyghur
達斯坦	Uyghur
達普	Uyghur
達瑪溝	Uyghur
達瓦孜	Uyghur
達甫	Uyghur
達里雅布依	Uyghur
都塔爾	Uyghur
鐵熱克	Uyghur
鐵熱木	Uyghur
闊什塔格	Uyghur
闊其坎	Uyghur
阿依庫勒	Uyghur
阿克托海	Uyghur
阿克薩拉依	Uyghur
阿其克	Uyghur
阿凡提	Uyghur
阿卜拉江	Uyghur
阿合雅	Uyghur
阿圖什	Uyghur
阿布力米提	Uyghur
阿希克	Uyghur
阿恰勒	Uyghur
阿恰塔格	Uyghur
阿拉哈格	Uyghur
阿拉爾	Uyghur
亞努科維奇	Ukrainian
利曼	Ukrainian
利特維年科	Ukrainian
安娜	Ukrainian
尼古拉	Ukrainian
弗拉基米爾	Ukrainian
李森科	Ukrainian
漢娜	Ukrainian
澤倫斯基	Ukrainian
澤連斯基	Ukrainian
班德拉	Ukrainian
盧卡申科	Ukrainian
紅利曼	Ukrainian
維克托	Ukrainian
謝爾蓋	Ukrainian
赫里夫尼亞	Ukrainian
鮑里斯	Ukrainian
京	Vietnamese
北𣴓	Vietnamese
喃	Vietnamese
奧黛	Vietnamese
巴沙魚	Vietnamese
檬	Vietnamese
檬粉	Vietnamese
河內	Vietnamese
漢喃	Vietnamese
盾	Vietnamese
金甌	Vietnamese
𣴓	Vietnamese